ip_distance_km,device_trust_score,time_since_last_login_hrs,dns_response_time_ms,ssl_cert_valid,domain_age_days,login_hour,failed_login_attempts,browser_fingerprint_match,geolocation_match,risk_level
7260.401426,0.038267484,0.37118028,80,0,80.94689397,5,3,0,1,1
3.4006147,0.924647901,14.76998812,16.12692515,1,2214.995016,14,1,1,0,0
19.90726137,0.720537616,2.205194872,27.26377773,1,3499.322443,10,0,1,1,0
5.464365482,0.855388158,16.64890575,29.72597537,1,1296.32112,11,0,1,1,0
0,0.901738149,22.60524723,17.49382946,1,2209.053882,21,1,1,1,0
1.835915503,0.983420878,20.56952132,15.88232515,1,2839.632981,6,0,1,1,0
7.438007138,0.886724092,60.1415015,16.25321155,1,1173.109147,8,0,0,1,0
6157.819666,0.144917199,0.37118028,132.0357348,0,51.53652213,20,3,1,0,2
18.56240029,0.76405341,0.240693561,27.26308373,1,1955.640163,18,0,1,1,0
9.865016438,0.95154755,4.785813555,22.51545184,1,467.0218378,13,0,1,1,0
0,0.753228631,13.04333296,26.09097356,1,779.3622066,22,0,1,1,0
4.939290885,0.702495983,7.269794226,13.54719289,1,2065.413986,15,1,1,0,0
7.010990467,0.811282302,39.81653598,17.32621665,1,2148.354665,19,1,0,0,0
6.818662551,0.812365866,5.800421561,8.040218978,1,3132.791537,11,0,1,1,0
26.53182458,0.791593203,15.84149515,20.11315426,1,3114.096342,10,0,1,1,0
9.621034743,0.719561377,20.40124462,21.09267021,1,1418.06452,10,1,1,0,0
6.867667645,0.942470563,88.23790211,16.66575642,1,1431.004343,11,0,1,1,0
5.996513651,0.902940381,53.06411386,21.12880762,1,536.9134362,14,0,1,1,0
1741.514695,0.029732349,0.37118028,142.2654834,0,20.89138914,2,1,1,1,2
2596.957779,0.170980213,0.37118028,158.2745782,0,39.41378105,4,2,0,0,2
0,0.78273027,16.75232584,20.22179399,1,3001.725762,20,1,1,1,0
5571.753013,0.391780305,273.3356631,156.9317514,0,31.9183652,12,3,1,0,1
2821.648771,0.146666871,273.3356631,139.5897371,0,28.06225535,4,2,0,1,1
25.76747984,0.950747778,38.99068475,20.55899579,1,1624.910873,11,0,1,1,0
5707.060598,0.309931107,0.37118028,107.8950655,0,13.28944544,18,4,0,0,1
2.654128666,0.760744168,10.35801741,19.38971434,1,1949.989704,13,0,1,1,0
0,0.990110583,19.58783127,18.76123791,1,2545.555485,21,0,1,0,0
4.102643057,0.722871765,4.672172988,18.9201974,1,1859.513302,6,0,1,1,0
7.715788372,0.785282228,18.11750836,20.51242321,1,683.0495313,9,1,1,0,0
2.083062502,0.896943582,6.404127403,13.71065922,1,1522.078753,12,1,0,1,0
5.557249123,0.988340646,14.74956659,19.70086928,1,1187.83648,17,0,1,1,0
23.46636996,0.816449712,3.019466995,21.04735042,1,1069.845434,22,0,0,0,0
8.269273738,0.833925855,25.68273005,15.71574067,1,3056.723189,21,0,1,0,0
12.46253566,0.811521788,2.260208661,17.01166158,1,3132.494591,19,0,1,0,0
1.513478656,0.852076131,49.32110488,31.94185996,1,3366.880707,21,0,1,1,0
4.373209027,0.855233906,9.987341,24.29792436,1,2045.36173,15,1,0,1,0
3609.650468,0.393296575,273.3356631,130.4795407,0,2.718093088,15,4,0,0,2
8.885786045,0.993102086,16.07466567,17.75728582,1,3265.117872,12,0,1,1,0
20.00759791,0.720702278,19.29071166,20.40639211,1,1940.009603,11,0,1,1,0
0,0.718681932,7.727549735,23.46428792,1,3344.056707,14,1,0,1,0
10.86857094,0.873995136,23.25195857,21.61041155,1,2899.289938,18,0,0,1,0
5255.378812,0.061061192,273.3356631,131.4988767,0,86.58052842,11,1,0,1,2
14.17861947,0.823529662,28.17692621,19.18938012,1,2088.548527,15,1,0,0,0
7.482205863,0.750058061,1.670426557,24.22387188,1,1554.766565,10,1,1,1,0
1939.075348,0.171500563,0.37118028,197.7694286,0,54.37208197,7,3,0,0,2
0.544974786,0.889813564,26.70050506,25.94298412,1,1195.33585,20,0,1,0,0
0,0.91067763,23.39248636,21.55826428,1,2040.300986,17,0,0,0,0
16.08703581,0.855709684,15.02684433,25.72146534,1,3531.4641,17,0,1,0,0
8.613956055,0.877104307,44.48613928,17.37716493,1,1778.677326,14,0,0,0,0
7220.21274,0.158409739,273.3356631,131.6488693,0,85.03968821,13,1,0,1,1
7497.219114,0.037994658,0.37118028,133.2698073,0,14.41518425,4,3,0,0,1
0,0.983709444,11.20810371,15.54841076,1,2662.949054,11,0,1,1,0
3802.638304,0.224151944,273.3356631,116.4346204,0,47.66145252,17,2,0,0,1
14.54001763,0.706547019,6.335741241,19.2502964,1,2825.461772,18,0,0,0,0
26.63254723,0.789940158,10.00725314,22.92157083,1,621.2098512,20,0,1,1,0
6582.66267,0.042311563,0.37118028,150.7168211,0,14.94044213,11,4,0,0,1
0,0.761599882,13.07390757,24.96891107,1,3287.62315,17,0,1,0,0
3447.19105,0.045620119,273.3356631,131.9384904,0,70.68563381,0,2,0,0,2
14.18316606,0.915536184,2.475582688,23.13803149,1,2008.502439,22,1,1,1,0
20.32738913,0.737879422,26.4060154,18.39851098,1,3196.15696,11,0,1,1,0
4316.571886,0.241323151,0.37118028,126.2232777,0,42.49093048,19,4,0,0,1
14.35678393,0.838802682,52.15566229,17.95345763,1,3463.773718,20,0,1,0,0
7020.050809,0.225776737,273.3356631,161.6642521,1,9.869842593,3,1,0,1,2
3.036501509,0.962764925,8.434555602,5,1,491.0252846,18,0,1,0,0
2678.612042,0.332890312,0.37118028,80,1,47.87535294,22,4,0,1,1
3978.989161,0.306044604,0.37118028,93.4465685,0,82.52328812,11,3,0,1,2
13.77362291,0.777862535,31.44616009,23.85898089,1,3324.481894,16,0,1,1,0
3445.706892,0.397349115,273.3356631,116.9431444,0,16.40816409,14,4,0,0,1
4.734861246,0.8779133,0.127863417,20.89238332,1,1080.143839,8,0,1,1,0
2853.014441,0.348356716,273.3356631,130.3399498,1,62.99197299,20,1,0,0,2
2884.544973,0.022255464,0.37118028,156.1709567,0,27.44342707,3,1,1,0,2
0,0.899495471,5.248261405,19.55954378,1,3340.411057,9,0,0,1,0
6.846803059,0.850939742,36.71145464,26.2716918,1,3003.855524,15,0,1,1,0
0,0.960031106,2.935987703,19.58642488,1,1057.171395,10,0,1,1,0
31.32382065,0.912125943,11.97728881,24.09962626,1,2422.261717,20,1,1,0,0
0,0.748670022,7.829775187,16.34184131,1,3419.792992,11,1,1,1,0
1108.908403,0.317197461,0.37118028,165.7011301,0,73.51685937,1,2,0,0,2
9.591800792,0.856050968,1.263748055,24.72934822,1,1159.196407,15,1,0,1,0
5.976760985,0.768153867,52.86994881,13.16570818,1,1309.117324,21,0,0,1,0
7990.625258,0.224444044,273.3356631,137.7075841,1,1.780953201,23,3,0,0,2
0,0.862671162,41.34099493,21.53806334,1,3639.649899,9,0,1,1,0
9.714155564,0.90334396,7.001408562,17.70680682,1,1790.850533,16,0,1,1,0
4843.043958,0.092376144,273.3356631,205.8966911,0,75.74750197,8,2,0,0,1
5090.594887,0.015113689,0.37118028,80,1,4.113386743,8,4,1,0,1
5674.767591,0.185404592,0.37118028,106.9780766,1,80.65791489,20,2,0,0,2
3986.531976,0.081261575,0.37118028,90.33121157,0,59.25804722,1,3,0,0,1
5102.841364,0.308723911,0.37118028,86.66840024,0,41.76330156,1,4,1,0,1
35.78880808,0.742007229,27.15169962,28.14821066,1,601.2135664,21,0,1,0,0
11.62130675,0.897034031,1.281349073,22.74159814,1,2817.095243,17,1,1,0,0
3520.492774,0.115565726,0.37118028,185.6938722,0,76.40164439,6,2,1,0,2
6408.985397,0.391052935,0.37118028,209.3713576,0,69.46157712,16,1,0,0,2
4215.943947,0.301285375,0.37118028,210.8361746,0,6.389150805,8,1,0,0,1
10.70890511,0.804202998,9.0023491,25.45430835,1,1626.502658,14,0,0,0,0
8.072995209,0.908769735,0.731664419,23.80423327,1,2098.09906,21,1,1,0,0
4200.832095,0.056129408,0.37118028,167.7154691,0,20.33494495,9,3,0,1,1
1583.567724,0.031068965,0.37118028,136.9695834,0,80.07042176,18,1,0,0,2
16.2656503,0.887870296,19.19959105,20.9284429,1,2292.532577,16,0,1,1,0
30.79709338,0.855610298,6.607667793,17.38934215,1,1838.019758,17,0,1,0,0
3489.077858,0.036335272,273.3356631,80,1,76.53753317,12,4,0,1,2
666.1965166,0.336355591,0.37118028,191.7666718,0,41.7287703,15,1,0,0,2
11.0789651,0.934112837,28.72259339,24.36412176,1,1561.137672,22,0,0,1,0
0,0.757032295,23.03992669,22.12660654,1,623.521863,20,0,0,1,0
0,0.877966471,15.97886179,16.83559863,1,536.0578544,6,0,1,0,0
3.270539401,0.899265815,12.69097001,25.24241326,1,786.0978192,12,1,1,1,0
13.52433335,0.916844291,25.1620812,25.95949667,1,1699.913641,9,0,1,0,0
16.88393273,0.705798289,1.483562095,15.4359454,1,990.5083344,14,0,1,0,0
0,0.734841688,15.0877983,15.81968924,1,3095.64247,10,0,1,1,0
17.66911149,0.941921085,24.2504997,16.00029747,1,645.5471609,7,0,1,0,0
4.444153291,0.711698804,41.63352835,30.98111571,1,638.9001916,18,0,1,1,0
0,0.890828814,54.22007534,21.39174317,1,1688.98232,9,0,1,1,0
0,0.881047929,19.15717575,18.07528556,1,3289.374903,13,0,0,0,0
3326.266708,0.142718502,273.3356631,84.61787095,0,7.59660652,13,3,0,0,2
0.411157371,0.775300415,3.0802042,25.52916533,1,1730.820221,11,0,1,1,0
4141.746517,0.032941196,0.37118028,110.3389401,0,69.03160991,5,4,0,0,2
12.00309879,0.788587148,37.15706213,13.2124123,1,800.5058445,14,0,0,0,0
0,0.936534203,3.232253365,17.41153714,1,2969.479549,7,1,1,0,0
3.604103718,0.791182754,36.72057939,23.50747391,1,2594.398408,18,1,1,1,0
0,0.76275564,8.757946779,15.80553663,1,2863.126232,17,1,0,1,0
13.57659623,0.835105294,2.060509966,29.61722897,1,893.8338581,12,1,1,1,0
3829.375235,0.181319895,273.3356631,143.7640921,1,69.75485166,4,2,0,0,1
6463.555419,0.039905202,0.37118028,198.1105289,0,80.62955532,10,1,0,0,2
0,0.97552793,33.87906537,22.40130251,1,647.2156252,8,0,1,0,0
0,0.99005365,49.9322655,22.07386445,1,3017.565019,19,0,1,0,0
20.23124077,0.940775704,22.68884277,18.78469401,1,998.4781154,15,1,1,1,0
23.31458766,0.814120165,26.00941029,24.01064229,1,1308.641528,12,0,1,1,0
2617.44763,0.156691105,0.37118028,150.5010576,0,86.72503505,7,1,0,0,2
3.876719503,0.731267441,6.506991566,12.49889069,1,1732.49599,10,1,1,1,0
10.83928185,0.702977146,15.62640976,22.48200059,1,1957.76096,17,0,1,1,0
8.197819341,0.96142421,3.25814526,14.74688339,1,918.8478741,13,0,1,1,0
7.240924818,0.752464431,43.99817237,20.09008436,1,3626.453553,14,0,0,1,0
2066.277653,0.394253448,0.37118028,80,0,58.83137475,1,3,0,0,2
1380.965546,0.271870052,273.3356631,89.32683199,0,57.65245948,23,3,1,0,2
10.1765902,0.80464616,0.575839312,20.78563959,1,596.4633261,17,0,1,1,0
0,0.815151665,15.28060111,23.96909234,1,3577.249383,11,0,1,1,0
5.961207769,0.912092946,27.3237248,18.29700647,1,1114.309741,16,0,1,0,0
9.137990975,0.889684646,38.3300341,19.29237123,1,2566.784311,14,1,1,1,0
4772.78474,0.044884616,273.3356631,163.6807291,1,73.49120916,9,2,0,1,2
7887.034017,0.264767092,273.3356631,182.8203283,0,39.9848287,16,2,0,0,2
4297.787552,0.243188467,0.37118028,113.4593437,0,23.19235567,8,3,0,1,1
5038.036139,0.212862994,0.37118028,225.805809,1,87.40039816,2,4,0,0,2
10.57810306,0.764321945,0.547751662,22.17251323,1,2592.632418,13,1,1,0,0
17.77664896,0.755267452,88.86479656,17.01512857,1,2150.346348,20,0,1,1,0
4576.507838,0.120711689,0.37118028,175.8081511,0,14.00207228,13,2,0,0,1
20.47505201,0.921579237,26.88873222,9.151612911,1,1299.621788,20,0,1,1,0
6796.750299,0.211474341,0.37118028,123.3581866,0,71.28436882,10,2,1,0,2
11.38592459,0.836870953,26.02689339,18.5131196,1,1023.854907,21,0,1,1,0
30.73359803,0.998154517,40.45494433,22.54304187,1,1235.416797,19,0,1,1,0
4.442309223,0.780220608,12.10038434,19.95077596,1,1457.88724,17,0,0,1,0
0,0.775289998,63.52901774,24.98059107,1,2758.102573,22,0,0,1,0
12.91031947,0.87646068,38.98948963,20.51719065,1,1923.578696,21,0,0,1,0
6885.790222,0.139068697,0.37118028,156.1245463,1,27.40685974,19,1,0,1,1
7.433394493,0.787151352,0.311552743,25.96556473,1,3195.437961,17,0,0,1,0
12.25766624,0.837556903,9.546337479,14.54187414,1,2406.651517,11,1,1,1,0
0,0.863929095,50.49621522,21.53672808,1,2781.185519,10,0,1,1,0
0,0.968196913,40.75503727,8.048478163,1,603.9386199,15,0,1,1,0
20.49934405,0.800271496,20.75192484,17.51214581,1,2753.72983,17,0,1,1,0
8.376026621,0.703511983,3.065030922,21.97899424,1,1407.196388,13,0,1,1,0
4986.783199,0.289104813,0.37118028,146.6494979,1,72.25550542,16,4,0,0,1
27.70692858,0.906521506,94.58029853,10.98068604,1,780.4350462,21,0,0,1,0
2858.574769,0.009584554,273.3356631,244.381256,1,82.10301122,14,3,0,0,1
17.46085192,0.739195703,4.420023521,16.8498751,1,3419.624534,19,0,1,0,0
4.653151126,0.789415663,48.25616562,21.61592741,1,2223.479902,6,0,1,0,0
4.255540842,0.916621281,26.01061828,19.09248419,1,1346.972403,16,0,1,1,0
15.22570432,0.814155313,5.424362562,22.53510136,1,2925.761575,14,0,1,0,0
4075.964179,0.062504536,273.3356631,172.3965366,0,69.49441347,1,4,0,1,1
4613.626893,0.27246902,0.37118028,173.6407535,0,58.2428969,14,4,0,1,2
529.4699107,0.344342011,273.3356631,80,0,29.05996567,7,3,0,0,2
0,0.819283714,9.762120262,16.59309882,1,2051.632323,15,0,1,1,0
16.3556564,0.969950004,25.49533075,17.68530244,1,3171.702401,15,1,1,1,0
6415.148219,0.005037045,273.3356631,87.48919871,0,78.990401,8,4,0,0,2
16.05525933,0.942008056,0.53551795,12.51371177,1,775.9170688,8,0,0,1,0
17.71555095,0.994296213,65.34525542,25.02962256,1,2073.957157,8,0,1,1,0
3723.922768,0.38340651,0.37118028,219.1567823,0,79.00220546,19,2,0,0,2
2821.770142,0.296323746,273.3356631,227.0660572,1,4.581784585,4,3,0,0,1
0,0.78445636,44.76264368,34.07327222,1,1406.05925,11,0,1,0,0
5.644744148,0.941527096,7.513559931,18.40625842,1,2185.485424,12,0,1,0,0
8.80197851,0.772579504,9.879977055,18.24575285,1,2701.035169,18,0,0,1,0
0,0.774515083,0.488241106,24.43539888,1,1759.721015,6,1,1,0,0
4.668730271,0.780277803,28.29135607,14.06503306,1,530.9170417,20,0,1,0,0
7552.371149,0.109211518,273.3356631,117.3128985,1,69.57355291,13,4,1,0,1
6.920491165,0.910341878,5.660592719,13.64040499,1,491.0177075,11,0,0,1,0
15.80780726,0.941187552,5.691566253,14.56972709,1,1870.362139,20,0,1,0,0
7627.130376,0.125818439,273.3356631,205.3228576,0,47.07891848,10,4,0,1,1
7.239141341,0.871523795,109.3653142,10.44341554,1,2571.794903,7,0,1,1,0
0.212513783,0.922271217,5.159309153,23.40115104,1,2352.659068,7,0,1,1,0
0,0.906316613,26.68753729,15.29800542,1,1536.835611,19,0,0,0,0
1735.557788,0.106937885,273.3356631,130.6209554,0,69.83190799,10,1,0,0,2
3489.49747,0.349214241,273.3356631,179.9542093,0,29.88511964,7,2,0,0,1
6.053755061,0.747181962,8.444335309,20.42252573,1,851.5111235,7,0,1,1,0
3.701793003,0.825500159,19.00094782,15.86944004,1,2417.452885,11,0,0,0,0
13.6960592,0.99641079,1.239870845,27.26637738,1,3132.72586,18,1,0,0,0
19.41273289,0.771638863,77.81155708,26.62716055,1,1418.236393,12,0,1,0,0
12.42095372,0.79233875,20.5394075,19.71046125,1,1293.146737,6,1,1,1,0
7.164585896,0.745374049,21.8028296,28.26808634,1,484.3793582,15,0,1,0,0
0,0.775672306,3.699191334,15.74732361,1,3457.101281,21,0,1,1,0
0,0.771230041,0.606929854,19.33915322,1,3352.522436,10,1,1,1,0
0,0.700442147,67.87653289,22.47902511,1,3523.256743,14,0,1,1,0
0,0.964047021,5.667015616,15.21215522,1,3219.0116,19,0,0,0,0
11.15935607,0.822275263,44.69224935,17.99102487,1,964.9235529,21,0,1,1,0
3551.59297,0.378716469,0.37118028,144.3936778,0,32.21394734,18,2,0,0,2
6922.007401,0.245792403,273.3356631,80,1,80.49538638,1,1,0,1,1
0,0.881138636,14.20514844,18.65677123,1,3162.141962,17,0,1,1,0
8.411519748,0.95258007,28.81140057,24.05399323,1,2707.251949,21,0,1,1,0
8.078017689,0.763211489,22.20364542,21.13517239,1,3515.394418,9,0,1,1,0
8.32314012,0.911105793,26.8098128,16.30971458,1,3523.893588,22,0,1,1,0
6.864543148,0.734430662,130.3979086,12.61537536,1,2748.162933,7,0,1,1,0
1311.202642,0.370622846,0.37118028,97.38352652,0,44.2191403,20,2,0,0,1
1.629140289,0.976229983,17.51932709,19.59477018,1,3394.781042,12,0,1,1,0
0,0.805915117,67.72428969,17.65434573,1,2690.608611,19,0,1,1,0
0,0.787846611,6.035838352,31.0626552,1,3284.048636,20,0,0,1,0
3331.590672,0.027340686,0.37118028,205.3230885,1,83.97183766,14,1,0,1,1
0,0.917793973,28.00268631,18.8863965,1,2136.251614,7,1,1,0,0
0,0.937856326,5.694787939,18.31806527,1,3018.302282,9,0,1,0,0
0,0.925412526,55.49377233,16.649424,1,2211.534249,12,1,0,1,0
15.49009226,0.831744945,8.852310235,22.51626032,1,1955.546077,18,0,1,1,0
1054.723905,0.310455761,273.3356631,100.3039535,0,40.29410015,22,1,1,0,2
0,0.914327249,42.01585402,20.09690619,1,550.2143899,6,1,0,1,0
4.809837921,0.895344275,8.782832711,11.55408481,1,3465.297985,9,0,1,1,0
20.51151976,0.728960341,5.907983115,22.30135812,1,687.0763077,13,1,0,0,0
0,0.844911909,20.72646835,26.86957193,1,1811.827565,19,0,1,1,0
0,0.99739837,31.31562734,24.26234322,1,1361.278171,17,0,1,1,0
0,0.971876374,163.3380293,25.18043826,1,1582.064371,12,0,1,1,0
16.43754043,0.874659624,2.647734465,22.79168212,1,1678.078725,16,1,0,1,0
2.558433647,0.779597841,14.02635654,20.07591471,1,1302.027664,22,0,1,1,0
4853.136243,0.31142121,273.3356631,91.31848037,0,88.78947331,6,1,0,0,2
2296.165359,0.148001416,273.3356631,174.9779454,0,13.74165899,12,3,1,0,2
12.17542256,0.771853051,5.582746298,25.26992886,1,794.9445401,12,0,0,1,0
0,0.987422044,11.18555125,17.71075807,1,2410.160182,8,0,1,0,0
3617.776837,0.054823873,0.37118028,211.1355896,1,46.77505662,15,3,0,1,2
16.79440121,0.993040099,3.653919063,24.31111756,1,2785.370158,8,0,0,1,0
1455.655875,0.025569266,273.3356631,209.4403121,1,14.38078285,19,1,1,0,2
28.14658567,0.919246289,19.88945247,13.02105399,1,1567.402853,13,0,0,1,0
3361.807909,0.328023746,273.3356631,231.1764605,0,20.1135866,13,3,0,0,1
4743.634946,0.074241626,0.37118028,210.604536,1,34.55239795,23,3,0,0,1
988.9460164,0.078335697,0.37118028,188.6773808,1,44.55044401,2,1,0,0,2
0.289616944,0.800562414,39.0874958,26.81281426,1,1473.224572,19,1,1,1,0
6.200313267,0.786665482,58.15049555,17.64342139,1,2326.528097,19,1,0,0,0
10.90654831,0.989049772,9.682186771,25.90064087,1,1418.539462,17,0,1,0,0
0,0.980884186,26.1060738,18.89478768,1,367.5935439,10,0,1,1,0
16.67782062,0.860190242,13.48906967,17.91687347,1,3477.943718,15,0,1,1,0
5.260910502,0.719802953,6.391891101,16.1175043,1,1948.353305,18,1,0,1,0
1995.125967,0.110016104,0.37118028,152.7585319,0,80.98368179,23,3,0,0,2
15.06292809,0.982517713,0.165641386,19.12310772,1,3434.53946,13,0,1,0,0
0,0.804428678,1.726065227,10.89456965,1,3480.576636,20,1,1,1,0
1.346784487,0.866011357,5.314428716,13.81932102,1,1485.342262,19,0,0,1,0
8.015473423,0.700965479,1.650600719,21.64553389,1,449.8810237,20,1,1,1,0
2.182153911,0.899915624,107.0054795,14.21792092,1,925.9737341,9,0,0,0,0
2795.045789,0.300371357,273.3356631,167.9424036,1,4.996945189,21,3,0,0,2
17.55756126,0.794881045,24.62013886,10.31623649,1,2204.240397,19,0,0,1,0
4.749730413,0.921616945,17.68421022,16.30114418,1,1208.133651,21,0,1,1,0
11.98223314,0.774202095,2.675324377,24.0699043,1,676.2173351,22,1,1,1,0
6.173273833,0.760604701,1.664827287,26.15111088,1,1520.366752,7,0,1,0,0
14.9801011,0.991923449,15.54877894,16.04559104,1,1808.643755,15,0,0,0,0
16.19574911,0.783044292,20.020981,18.13662208,1,3351.083359,17,0,1,0,0
2769.667138,0.005932065,273.3356631,158.7836856,1,13.18234845,13,4,0,1,2
0.062434168,0.95650906,31.81523135,22.96265154,1,1694.458797,11,0,1,1,0
5.184183792,0.79189405,41.28632232,22.47031959,1,1832.646542,17,0,0,1,0
9.810092317,0.786773432,5.628777015,21.16924013,1,492.4562088,13,0,1,1,0
5814.343438,0.042230257,0.37118028,218.1803648,1,59.16729859,4,3,0,0,2
0,0.883002225,114.5172612,14.91117845,1,1022.506584,21,0,1,1,0
5.917607765,0.74802149,15.07055222,25.06318705,1,1236.275696,7,0,1,1,0
1357.184644,0.077621552,0.37118028,170.6041732,0,8.104964924,9,4,0,1,2
4.865027753,0.978425092,22.98949316,19.28926732,1,1019.230409,10,0,1,1,0
3875.932045,0.344241796,273.3356631,165.350153,1,82.66935399,15,1,1,0,1
11.4719594,0.81151722,9.65994823,20.17783037,1,2150.088224,20,1,1,1,0
1604.553564,0.261722529,0.37118028,213.7326562,0,19.17981224,1,3,0,0,2
19.75356217,0.804382423,16.05857063,17.25899851,1,1496.999817,16,0,1,1,0
0,0.707859013,28.47040826,14.92060587,1,647.891423,19,1,0,1,0
15.53802052,0.846271358,0.988500143,18.44846147,1,1712.847726,10,1,1,1,0
7.606737658,0.752566532,12.28799819,17.5854508,1,3310.812416,19,0,1,1,0
16.96571502,0.896552114,16.63832894,17.88120159,1,927.633154,18,1,0,1,0
7961.09772,0.399479393,273.3356631,196.5443691,1,83.25715537,18,4,0,1,2
10.38910044,0.871614593,27.23418328,20.01143968,1,992.7819705,22,0,1,1,0
5203.537955,0.231480259,0.37118028,145.3195488,0,80.04783402,12,4,0,0,1
7948.780922,0.107518838,273.3356631,114.2979128,0,47.56284288,2,2,0,0,1
1828.515911,0.297494726,0.37118028,209.9112697,0,78.8644951,3,2,0,0,2
11.54365656,0.815262014,10.6812368,20.82147383,1,1153.232149,12,0,0,1,0
2.305931656,0.723690749,8.269201282,14.05383767,1,1932.425845,15,1,0,1,0
707.2387464,0.095485874,273.3356631,80,0,11.93592661,4,3,0,1,1
0.146364522,0.825637996,43.55374226,18.17247032,1,2117.482486,18,0,1,1,0
576.7539231,0.112621545,273.3356631,145.9403408,1,34.14955836,5,1,0,1,2
1370.400945,0.166982428,0.37118028,80,0,79.51690465,16,2,0,0,1
0,0.815653571,64.71458461,21.45448529,1,1283.728619,6,0,0,0,0
0.120885919,0.806136748,3.362086015,30.21088955,1,2708.261881,22,0,1,1,0
14.9204235,0.702716248,0.581703312,26.14995184,1,1949.761531,7,0,1,1,0
14.75545127,0.98121642,1.717087477,18.42456634,1,434.1062246,8,1,1,1,0
13.12862119,0.937978405,54.63803303,20.30042997,1,2518.107189,22,1,1,1,0
4611.528296,0.0517612,0.37118028,166.5306631,0,88.75058991,13,2,0,1,2
20.64643656,0.869506598,37.63429022,20.19723524,1,993.230394,12,1,0,0,0
16.58595579,0.800353387,5.084774839,15.0332065,1,1990.503251,6,0,1,1,0
17.130977,0.920960569,4.226169879,17.40873681,1,2718.128753,6,0,1,0,0
5205.316283,0.135471842,273.3356631,82.4146234,0,8.963576085,15,2,0,0,2
1174.754591,0.15921727,0.37118028,229.956162,0,46.57724314,15,4,0,0,2
1807.090089,0.11110562,0.37118028,111.9699668,1,73.92998928,15,1,0,0,2
0.223425532,0.707634328,2.615877592,22.09852804,1,1722.829981,19,0,1,1,0
11.81952971,0.990137985,7.505833162,30.92048367,1,3022.100301,21,0,0,0,0
0,0.944784082,2.942727763,18.03235072,1,2884.098629,8,0,1,0,0
6662.349479,0.031059166,0.37118028,197.4944534,0,11.14261634,12,3,1,1,1
658.7286049,0.047700067,273.3356631,115.787891,1,16.61549235,18,3,1,0,2
11.8605146,0.955679162,10.3838558,21.59260502,1,1404.599956,19,1,1,1,0
0.847120861,0.88032225,14.96608736,17.59117014,1,2474.332122,11,1,1,1,0
5.870470682,0.890887406,46.34021705,21.40504625,1,499.9555689,16,0,1,0,0
3494.74442,0.214848299,273.3356631,169.4323623,0,88.83442631,20,2,0,1,2
7227.788872,0.352299431,273.3356631,117.1582266,0,87.66359106,21,4,0,1,1
6.777010009,0.721532742,2.405261349,21.31033405,1,2431.985049,21,0,1,1,0
6793.412023,0.309454658,0.37118028,290.0686495,0,34.07113984,14,4,0,0,2
4.374068721,0.991077133,16.91054571,17.90282624,1,1841.932406,17,0,1,1,0
3.13028697,0.882019517,13.47710485,13.05350635,1,2831.345909,12,0,1,1,0
12.08356447,0.742240885,42.74228009,17.07772354,1,3482.189777,22,1,1,1,0
0,0.738428724,5.949351107,23.65690126,1,3178.838983,22,0,1,1,0
4.627777635,0.784741728,3.941303789,17.5576196,1,2049.383421,22,1,1,1,0
3496.298564,0.302797904,0.37118028,169.5775588,0,20.29143631,3,4,0,0,2
27.10523002,0.782895733,7.904133076,11.57666211,1,952.49291,20,0,1,1,0
0.538165668,0.714993709,12.36820821,20.33919257,1,3600.492121,17,0,1,1,0
8.819354522,0.79965731,18.65124631,25.035786,1,3113.297391,6,0,1,0,0
0,0.972283301,10.09584052,19.69798135,1,3015.035148,10,0,1,1,0
7924.191217,0.309888649,273.3356631,183.4719186,0,58.54715826,7,2,0,0,1
4926.900239,0.371187625,273.3356631,109.0366768,1,18.37875723,2,4,0,1,1
624.0284342,0.083767927,0.37118028,125.1484655,0,23.24049434,19,2,0,0,1
3625.314979,0.131654682,0.37118028,157.3207146,1,76.002002,21,3,0,0,2
0,0.785772037,18.24875108,14.40226936,1,3477.75144,17,0,1,0,0
4777.895747,0.131018908,273.3356631,189.0587668,1,62.82007743,2,1,0,0,1
2.54611884,0.789617672,40.48976917,15.53606242,1,1462.533782,11,0,0,0,0
11.10370265,0.995056442,1.546212817,16.13715626,1,417.9694633,7,0,1,0,0
7.083828079,0.721924469,0.624609272,16.66405458,1,691.845103,20,0,1,0,0
0.881230339,0.826610278,31.8658961,21.31775406,1,2882.308874,16,0,1,0,0
4739.6672,0.253242729,273.3356631,191.3072808,0,11.15621339,23,4,0,1,2
0,0.708261016,22.84418366,23.49344407,1,467.0588079,18,0,0,0,0
3677.69864,0.324328215,273.3356631,167.2810172,0,59.50798052,7,3,1,1,1
6.848361237,0.721870551,21.00658795,17.33637251,1,779.8412074,22,0,1,1,0
0,0.956708828,34.30842593,17.77028143,1,1949.109882,21,1,0,1,0
11.32781866,0.911675759,3.032820228,21.62229302,1,1344.42392,21,0,0,1,0
1329.060233,0.27138542,273.3356631,80,1,4.465099949,8,1,0,0,1
5.480849467,0.905976974,16.70850526,10.81820108,1,1951.872615,6,0,0,0,0
7.449665711,0.848263734,8.643297022,22.84051603,1,2323.070014,15,0,0,0,0
6361.176824,0.265750164,273.3356631,136.413498,0,46.50788439,22,3,1,0,2
5.125924008,0.956721178,109.241679,22.36315173,1,1704.932568,15,1,1,1,0
12.14000494,0.74767245,54.76777187,21.34647376,1,2204.981004,15,0,1,1,0
29.03415585,0.94503384,26.77215008,18.82041735,1,1064.212533,19,1,1,0,0
3021.197487,0.376503626,273.3356631,213.6214191,0,64.4218169,15,2,0,1,1
3787.495817,0.375384821,273.3356631,80.91154057,1,89.36841069,22,3,1,0,1
0,0.957153777,87.02858068,26.2475245,1,3204.563813,16,0,0,1,0
3784.983109,0.129431042,273.3356631,80,0,36.16827066,13,4,1,1,1
0,0.985231812,25.85073431,20.53722187,1,849.3861187,16,0,0,1,0
19.41568621,0.703039355,51.82169547,18.28560569,1,494.9464091,17,1,1,0,0
7174.744016,0.222887618,0.37118028,179.5545266,0,45.56199987,8,1,0,0,2
8.109075656,0.742591597,7.67304227,22.76574578,1,3431.400021,21,0,1,1,0
562.6230314,0.020057609,273.3356631,166.8037706,0,29.88750067,4,1,0,1,1
1829.834401,0.219662276,273.3356631,182.0013309,0,83.35434658,1,3,0,0,2
0,0.956135477,3.431003005,20.2793197,1,2679.261596,18,0,0,1,0
13.27183249,0.940792993,13.58984639,22.10095771,1,538.8945483,15,0,0,1,0
0,0.844612317,1.642937234,17.72602641,1,2113.803372,17,1,1,1,0
4653.304657,0.115175099,0.37118028,195.8884099,0,16.62051927,12,2,0,0,2
632.783338,0.323384116,0.37118028,248.4378655,0,86.91959463,5,2,0,0,1
0,0.719456078,26.69223085,19.8886051,1,3018.050982,8,0,1,0,0
8.77300493,0.881733775,83.93730795,14.10270168,1,2127.755668,8,1,1,1,0
5867.573601,0.044525729,0.37118028,123.4034246,0,69.23610632,15,3,0,0,2
5863.292102,0.16536663,273.3356631,112.4988659,0,16.08729427,17,2,0,0,2
0,0.854501698,28.23691457,20.38304535,1,2381.483929,17,1,0,1,0
14.40771188,0.940001045,18.70304926,19.08073053,1,546.1894001,16,0,1,1,0
0,0.784204965,17.85321786,19.31344517,1,955.154251,14,0,0,1,0
0,0.919448947,10.53601966,10.55175354,1,3071.000557,19,1,1,1,0
4.298342885,0.742862788,16.27987887,15.49704824,1,1951.701361,17,0,1,0,0
6.731809259,0.778511705,1.670985774,18.98737886,1,3387.325369,21,0,1,0,0
5.733179672,0.950094989,12.57175767,14.60131839,1,2821.036244,21,0,1,1,0
0,0.851879818,11.46324268,26.78291693,1,2931.539777,21,1,0,1,0
5931.019841,0.19497619,273.3356631,178.7678362,0,34.03926065,11,2,0,0,1
0,0.964578327,82.43022747,25.58416888,1,1873.951643,18,1,0,1,0
4.803622011,0.77514037,6.771854413,22.93927944,1,3376.172592,13,0,0,1,0
21.32411304,0.761464382,22.57999219,28.34534763,1,2617.566446,20,0,1,1,0
6166.209928,0.001498038,0.37118028,209.831356,1,68.05154223,0,1,0,1,2
6658.427196,0.021189162,273.3356631,114.5610899,0,86.32815342,14,3,0,0,1
15.03532898,0.952210908,18.41114191,15.81539648,1,2177.294974,12,1,1,1,0
1636.909339,0.27245508,273.3356631,80,1,57.63498315,23,3,0,0,1
1946.01427,0.200959411,0.37118028,152.4547366,0,7.51258379,16,4,0,1,2
3894.233776,0.032013028,273.3356631,196.2360903,0,49.52597893,3,4,0,1,2
3.720824085,0.991459807,63.53077806,18.78650626,1,3511.263472,15,0,1,1,0
7045.972438,0.124476978,0.37118028,192.7451961,1,45.17642915,9,2,0,0,2
4500.035862,0.262459886,273.3356631,94.34679494,1,14.20218708,3,2,0,0,2
6625.589596,0.253965694,0.37118028,80,1,48.2718723,13,1,0,0,1
5482.582186,0.276727434,0.37118028,184.9606219,0,56.00581028,23,3,0,1,2
1.407079092,0.839228548,63.43438043,30.3753252,1,1531.158955,16,0,1,1,0
2.510358515,0.789171342,37.7539434,24.80993595,1,1788.229313,6,1,0,1,0
6911.150397,0.107004743,0.37118028,108.9159587,1,87.52192935,18,4,0,0,2
3067.304636,0.119150533,0.37118028,243.2099763,0,78.9538292,3,2,0,0,2
16.49273326,0.821530808,87.40827949,22.43652619,1,2841.278047,9,0,1,0,0
12.51387123,0.986518153,63.35725301,18.91434463,1,1020.592758,14,1,1,0,0
2483.69655,0.251869061,273.3356631,100.9617578,0,66.63656412,12,3,0,1,2
0,0.816396028,15.5722564,19.71241123,1,2269.436423,9,0,0,1,0
3121.138867,0.103096025,0.37118028,203.8646837,0,39.21150772,18,2,0,1,2
4638.344628,0.030108896,0.37118028,174.3370751,0,38.38557759,8,1,0,0,1
900.0512225,0.070883752,273.3356631,162.6001881,0,86.80897583,21,2,0,1,1
10.04046516,0.830378788,57.9527652,18.06319018,1,879.1984661,20,1,1,0,0
6.958452551,0.92214284,12.95759789,17.37184533,1,1705.412916,11,1,1,0,0
0,0.925353414,56.33188281,12.28598391,1,1611.21599,8,0,1,1,0
19.40117215,0.782411145,104.8561075,24.68738746,1,1911.528715,17,0,1,1,0
0,0.835076274,7.264252383,28.31866416,1,2476.604735,15,0,1,1,0
7380.693896,0.24221171,0.37118028,146.0705804,0,26.7172459,20,1,0,0,2
4.404746439,0.77758625,26.44558705,23.55274551,1,3304.24577,16,0,1,1,0
5.473986713,0.721302299,40.81200689,19.1968444,1,3357.090436,8,0,1,1,0
4.598420494,0.863973143,49.64280951,14.53929203,1,1446.820397,9,1,1,0,0
0,0.720300509,39.16212969,24.75007914,1,1958.464507,22,0,1,1,0
15.65480375,0.989223525,41.74234672,21.44364002,1,810.1729296,22,0,1,1,0
0,0.994221803,18.65216716,28.49717992,1,2019.627436,17,0,0,0,0
25.60747925,0.790379578,0.1,27.31097969,1,1085.694144,11,0,0,1,0
9.300416472,0.908085417,1.982390771,22.58997388,1,2502.839634,17,0,1,1,0
4915.167308,0.193341721,0.37118028,220.2158141,0,4.604561097,18,1,0,0,2
0.987795281,0.720892344,18.53374884,19.84398256,1,608.3360702,9,0,1,1,0
4.756454077,0.828610606,15.06478935,21.23041808,1,1559.463611,17,0,1,0,0
1.20872259,0.826818591,4.788941167,13.29963964,1,881.5191598,14,1,1,1,0
13.30335817,0.967029111,0.79155365,13.13298556,1,1018.484327,11,0,1,1,0
7.560297343,0.953776432,2.109079039,14.539394,1,2640.101648,12,0,1,0,0
5421.709928,0.271803209,273.3356631,149.3358456,1,32.36918781,6,3,0,1,2
13.72457328,0.744088813,12.34104094,29.10271954,1,2673.916269,13,0,1,1,0
20.38036566,0.852508164,15.93053282,26.76101339,1,1417.181369,15,0,1,0,0
6299.780301,0.025213461,0.37118028,132.3726879,0,23.62846383,15,2,0,1,1
12.74634053,0.93588346,29.31004113,25.00815913,1,2973.732035,12,0,1,1,0
1.149177196,0.838161849,5.543745405,21.32387655,1,2057.406463,11,0,1,1,0
5.582087184,0.781584918,33.09735042,15.1493787,1,3261.413965,12,0,1,1,0
6204.185866,0.134190644,273.3356631,172.7823455,0,14.67320532,22,2,1,0,2
23.48956095,0.833213125,10.51170203,17.71183375,1,2289.28162,18,1,0,1,0
5.758045582,0.756223583,26.90016315,30.07637555,1,3180.340358,13,0,1,0,0
6.833599198,0.847328719,54.6426756,19.75517485,1,903.5157033,15,0,1,1,0
8.336621053,0.891070695,20.14248469,20.0427804,1,1797.41431,6,1,0,0,0
0,0.96289583,6.342195718,17.79870398,1,1430.779581,22,0,1,1,0
4112.748785,0.133485939,273.3356631,115.6697734,0,83.41466017,9,4,0,1,2
5.103526198,0.781241898,47.47382798,21.20102922,1,1726.401934,20,0,1,1,0
7.174328732,0.954527614,0.9868669,14.5693685,1,2235.749645,19,0,0,1,0
13.9519322,0.899980144,18.86445812,18.8717181,1,1305.360931,15,0,1,0,0
0,0.979813152,6.804004772,19.38327968,1,2130.290641,7,0,1,1,0
0,0.970868499,14.71407585,15.24544635,1,1461.218322,10,0,0,0,0
6227.239367,0.349467462,273.3356631,215.8088041,0,86.79185486,5,1,1,0,2
13.38490774,0.830074838,13.03621792,19.28370542,1,2263.326213,18,0,1,0,0
5.715662372,0.746337924,18.23786026,29.3440892,1,564.3438815,22,0,0,1,0
7040.223011,0.144047086,273.3356631,80,0,42.19192849,13,2,1,1,1
2304.013149,0.05711394,273.3356631,126.9803834,0,74.82756173,21,3,0,1,1
21.13711269,0.985666536,11.59764887,25.1470655,1,2367.101603,18,0,1,1,0
0,0.99434312,49.49908531,28.63113273,1,2267.441406,19,1,0,1,0
3.854601547,0.921971236,5.923406968,15.95309589,1,1531.225149,11,0,1,1,0
6970.055527,0.288741264,0.37118028,167.8206292,1,40.76824652,17,1,0,0,2
21.28615546,0.874842051,15.14979838,12.31207602,1,3188.467275,17,1,1,1,0
7.140937441,0.717116416,6.872670238,25.90945546,1,620.8324792,8,0,1,0,0
1353.218469,0.249769971,273.3356631,165.2542702,0,15.34356822,21,4,0,0,2
29.4575198,0.748007481,10.3690531,25.37671701,1,2556.216076,14,0,1,0,0
1552.137596,0.22622573,273.3356631,202.7847124,0,73.41288134,21,3,0,0,2
7.356145581,0.974990571,0.260878753,23.9892189,1,2673.138159,22,0,0,0,0
20.03398302,0.870861934,16.63356403,15.56335271,1,986.1200927,7,0,1,1,0
1624.207215,0.394765486,273.3356631,144.3171579,0,12.40401858,7,4,0,0,2
0,0.834495717,0.153587435,29.74171322,1,1382.847779,17,1,0,1,0
0,0.894551446,27.00802316,14.67889997,1,1843.329627,20,0,1,1,0
18.07142754,0.744235758,5.423166102,13.85778084,1,978.9904688,11,0,1,1,0
8.918040054,0.850789373,1.211364972,22.83385863,1,623.5248245,8,0,1,0,0
11.47688538,0.752232801,13.88183633,19.3813366,1,1874.834459,13,0,0,1,0
8.098207102,0.892520319,2.447873031,24.74406548,1,3334.754931,16,0,1,1,0
7975.503277,0.383476262,273.3356631,123.6758823,0,44.52254685,15,4,0,0,2
2282.740702,0.380920554,0.37118028,156.073929,0,38.29043799,0,3,0,1,2
0,0.946491069,4.039926392,20.95788698,1,613.1064776,19,0,1,1,0
1753.250658,0.232535687,273.3356631,201.3859374,0,53.18640858,22,1,0,1,2
7381.435454,0.063253058,0.37118028,214.5734445,0,22.24686426,15,1,0,1,2
7.034636359,0.758829314,0.464191895,14.80096734,1,1361.551667,10,0,1,1,0
0,0.855815758,36.24136505,19.34969853,1,3309.203314,8,1,1,1,0
13.72320637,0.709956806,10.76358999,15.07503437,1,3647.395977,20,0,1,0,0
0,0.822262909,22.13839591,30.21034826,1,3254.034948,20,0,1,1,0
0,0.807108803,6.978465667,18.85308834,1,567.3822317,16,0,1,1,0
4.444523011,0.856433707,4.027629363,20.56570229,1,2074.263112,21,0,1,1,0
0,0.835371803,18.42553969,12.96592495,1,950.8190183,22,0,1,1,0
2.765372147,0.92965387,9.362985586,18.00050469,1,2654.687751,19,0,0,1,0
0,0.934396557,25.18120145,18.89231701,1,2112.905217,12,1,1,1,0
0,0.837490192,14.55689229,21.50850004,1,3018.726319,17,0,1,1,0
23.81157069,0.8633447,9.380826912,13.85408201,1,1556.085853,15,0,1,1,0
11.69672549,0.972888046,12.17459457,16.50900163,1,1066.470615,18,0,1,1,0
2.301250647,0.822888668,40.98777793,16.9457118,1,2898.533498,7,0,1,1,0
13.89630796,0.972982943,41.97772318,21.48288469,1,3476.903164,9,0,1,1,0
0,0.746448584,21.6206868,21.33921819,1,2836.664331,22,0,1,1,0
6050.269587,0.398243485,0.37118028,123.6149294,0,17.63516487,9,3,0,0,2
0,0.762097774,35.82576337,24.78895807,1,2263.966855,12,0,1,0,0
12.21672064,0.845022231,59.56698089,14.36251951,1,2589.253083,6,0,0,1,0
0,0.862209543,5.978593439,20.90625581,1,1392.694603,21,0,1,1,0
5.10233061,0.931603743,12.33542193,16.31614932,1,1738.026549,20,1,1,0,0
1009.446532,0.004411234,0.37118028,136.3186195,0,85.6419303,11,3,0,0,2
6747.927059,0.145298471,273.3356631,154.2486481,0,25.19806065,1,3,0,0,1
4653.731869,0.049575678,0.37118028,172.2295998,0,28.21642984,9,1,1,0,1
0,0.838688668,16.65279196,9.019360895,1,2552.038814,15,0,1,1,0
17.77676822,0.733774117,4.620507949,21.96653525,1,1303.129039,10,1,1,0,0
7.992925804,0.974136533,5.560858578,16.324416,1,1606.811959,11,0,0,1,0
4.908810034,0.727417446,23.58358419,16.3591405,1,3117.308936,7,1,1,1,0
16.03301882,0.740330539,12.26830751,20.23746734,1,508.4261508,13,0,0,1,0
2.823187968,0.832097026,2.134663672,22.68814951,1,2589.069222,22,0,1,1,0
0,0.717353335,26.02128264,15.51833671,1,2957.819801,10,0,0,0,0
0,0.929819433,34.49674437,23.48083999,1,1301.837968,15,0,1,1,0
3658.935349,0.309471739,0.37118028,154.3380538,0,80.71455992,0,3,0,1,2
18.68631558,0.714442851,3.958366026,21.39633919,1,1765.455596,15,0,1,1,0
5671.733083,0.140487852,273.3356631,204.8742486,0,62.35127029,22,3,0,1,1
4.339202014,0.7363075,33.6453033,24.93188253,1,1323.783677,15,0,1,1,0
0,0.723058623,1.246769835,20.72918235,1,1962.963242,9,0,1,1,0
0,0.971833301,18.85675747,25.35964933,1,1084.609384,7,0,1,1,0
0,0.790313823,50.83685634,19.42598876,1,2550.421267,11,1,0,1,0
6.202956317,0.918001298,10.9896555,24.66217435,1,3078.042824,12,0,1,1,0
687.2817533,0.260146224,0.37118028,155.9175033,1,32.21250714,4,2,1,1,2
10.93101258,0.948255677,13.5457254,23.40681163,1,2250.50845,17,0,0,0,0
5353.696708,0.015199135,273.3356631,146.8348389,0,59.74023181,12,1,0,1,2
8.711458734,0.917191917,7.606811659,17.60620714,1,1418.050192,11,0,1,1,0
0,0.758749925,2.380282543,24.04459635,1,1819.387523,15,0,1,1,0
0,0.851690246,24.87008126,13.82744001,1,2693.295102,21,0,1,1,0
6737.300301,0.038214483,273.3356631,175.2630672,0,19.57808548,6,4,0,1,1
4591.719081,0.28587498,273.3356631,116.7477041,1,38.69364421,21,4,1,0,2
7603.156602,0.336899834,0.37118028,108.741705,0,61.77251668,7,4,0,1,1
0,0.831055211,0.95422444,18.01160153,1,873.6539814,18,0,1,1,0
6934.680915,0.210919653,273.3356631,107.212871,0,17.58367939,4,4,0,1,1
0,0.918117028,2.003916858,22.43092396,1,2306.159365,21,1,1,0,0
0,0.777789028,34.33607698,20.17356874,1,2288.874492,18,1,1,0,0
0,0.939374248,5.255262168,14.10315439,1,797.6658232,10,0,1,1,0
25.75400799,0.867592719,13.65325162,12.17175984,1,519.2781276,21,0,1,0,0
817.5120943,0.134785915,273.3356631,112.3441335,0,65.41777549,4,2,0,0,1
2046.096202,0.273683868,0.37118028,80,1,41.00186819,15,3,0,0,1
4119.038056,0.219700509,273.3356631,190.5456886,0,88.6370143,0,2,0,1,2
0,0.82495133,0.391993404,12.02622021,1,1818.263438,7,1,1,1,0
16.63163752,0.995496897,16.08957973,22.92952101,1,1151.329912,6,0,1,1,0
6631.49312,0.070089717,0.37118028,170.1258105,1,36.77089664,6,3,1,1,1
0.168135377,0.817737456,27.02332509,23.26153076,1,1366.139599,13,0,1,1,0
2380.488695,0.356125782,273.3356631,202.2528073,0,78.68572243,6,2,0,0,2
9.979982912,0.892864573,16.13169981,16.85057724,1,649.0129109,15,0,1,1,0
1702.954063,0.11883222,0.37118028,123.3696622,0,11.74571339,17,1,0,0,2
0,0.987234406,25.8565853,18.37965912,1,2380.025066,6,0,1,1,0
0,0.930676835,12.99680734,21.11635418,1,3348.054912,16,0,0,0,0
2.524813644,0.834804923,6.150853669,7.509694913,1,2273.481807,19,1,1,1,0
5.993323054,0.947137115,11.1846202,24.95083119,1,1119.617992,7,0,1,1,0
14.75119733,0.945719054,5.672741647,18.01402342,1,658.481579,9,1,1,1,0
9.92451264,0.810612151,28.03786203,21.42901643,1,726.4082139,15,1,1,1,0
13.33528962,0.72309384,3.619397079,28.04760333,1,3596.11713,21,0,0,1,0
9.940301863,0.710805645,10.514021,12.78197869,1,440.7096854,13,0,1,1,0
1338.502784,0.134931812,273.3356631,86.63616558,0,12.77325001,8,2,1,1,1
0,0.736415925,4.223450084,22.75398786,1,1447.507409,11,1,1,1,0
22.54794182,0.853129747,91.99130304,25.12554576,1,646.8342259,10,0,1,1,0
8.686733089,0.736062169,80.66625806,21.08341559,1,826.5392472,11,0,1,1,0
2161.950728,0.229251169,273.3356631,119.9746682,0,58.41235959,16,2,0,0,2
1397.228296,0.383933753,0.37118028,80,0,11.07663784,21,4,0,1,2
17.78451863,0.787992583,20.64245499,23.83121488,1,2020.870212,15,0,1,1,0
2.790304005,0.815353398,1.221298895,16.10581479,1,1839.476736,10,0,1,0,0
4366.602456,0.040450075,273.3356631,148.6015293,1,75.45029731,12,3,1,0,2
0,0.927819479,39.43994683,18.01221117,1,3459.159854,9,1,0,1,0
0,0.79203298,26.63951171,23.42794873,1,2079.31764,10,1,1,1,0
0,0.784743623,51.55014135,21.21545864,1,1112.448786,14,0,1,1,0
9.219207542,0.875131834,55.84587247,18.73618372,1,735.7390054,20,0,1,1,0
23.26009714,0.860666144,80.89997661,17.44118221,1,653.1524531,20,0,1,1,0
0,0.856437892,2.744138451,16.60384673,1,1780.779361,10,0,1,0,0
8.475817054,0.704294583,6.045555094,25.97740325,1,1731.276354,20,0,0,1,0
3392.875346,0.093037855,0.37118028,147.6070536,0,23.95043032,7,3,0,0,1
820.8745119,0.315979308,273.3356631,123.9116671,0,5.346904476,20,3,0,1,1
2741.022981,0.329381222,273.3356631,180.6085809,0,9.692302313,13,4,0,1,2
0,0.828979323,31.69216853,15.1512814,1,431.0998563,13,0,0,1,0
1.988963044,0.893743244,23.95426963,19.5814102,1,880.4251203,8,0,1,1,0
0,0.708150226,4.004898923,12.92366404,1,1190.165735,6,0,0,1,0
5.786351903,0.70000349,33.76902227,14.76939457,1,3228.047848,7,0,1,0,0
0.793546772,0.810382225,1.70852415,19.20318884,1,398.0043328,22,0,0,1,0
0,0.994110622,36.60516944,19.81834696,1,1669.758922,6,0,1,1,0
6864.407428,0.06158974,0.37118028,154.9994082,0,25.9188919,15,4,0,0,2
3025.292517,0.369613797,0.37118028,114.7122219,1,72.75265931,13,1,0,0,1
6.745778128,0.810492859,0.201572489,20.84029903,1,2712.776652,11,0,0,1,0
1255.202008,0.203949623,0.37118028,209.4821323,1,31.98050373,5,3,1,0,2
3.096613219,0.788046647,45.23024803,26.35946211,1,1237.45526,18,1,1,1,0
6174.670911,0.31238976,0.37118028,203.4641853,0,33.5753695,10,2,1,0,2
0,0.824092802,22.35352014,21.72026961,1,366.3190721,7,0,1,1,0
9.933179009,0.715067803,0.69770212,21.62170105,1,2562.840798,8,0,1,1,0
7.238840243,0.970024955,2.123775881,25.17721708,1,978.5477552,21,0,0,1,0
11.12773905,0.918803438,3.186817492,20.00809516,1,2333.626646,17,0,1,1,0
2159.161356,0.11392015,0.37118028,194.2221219,0,85.1120486,14,4,0,0,1
0,0.730567716,7.220948969,16.19322365,1,1962.840542,8,1,1,1,0
0,0.985278578,14.53134572,14.72446162,1,2710.881378,8,0,1,1,0
4.641739609,0.789264535,9.741787196,22.12033431,1,3343.35608,14,0,1,1,0
14.56702317,0.775930462,19.91681933,26.46372645,1,1276.346824,9,1,1,1,0
11.09138121,0.731771741,10.62895234,14.23253787,1,3033.462438,19,1,1,1,0
6.486674572,0.811333882,4.524868321,27.64373925,1,1098.393993,16,0,0,1,0
3935.502043,0.026811232,273.3356631,275.1585895,0,72.08867426,15,1,0,0,2
0,0.799404102,11.75799869,10.54994914,1,620.2852944,12,0,1,0,0
0.322987987,0.934109651,22.09962716,22.88681763,1,2127.108108,17,0,1,1,0
0,0.848063974,29.4003156,21.90654806,1,855.7769911,16,0,0,1,0
0,0.821080301,12.23313302,21.16434044,1,1803.940562,13,0,1,1,0
1174.087101,0.153166563,273.3356631,146.8931967,1,28.09546696,10,4,0,0,2
7519.663653,0.23744273,273.3356631,161.7464063,0,3.813736003,20,4,1,1,1
7586.265898,0.365972761,273.3356631,200.8978526,0,23.56205081,8,3,0,1,1
1612.890337,0.364164436,0.37118028,206.526331,0,18.17116483,1,2,0,0,1
5980.301633,0.199684601,0.37118028,171.691762,0,79.74747421,21,1,0,0,2
15.98776852,0.884589408,11.69052429,22.14093124,1,3003.551825,14,1,1,0,0
6.965211697,0.850181071,9.077217332,22.10890037,1,2048.812869,13,0,1,1,0
11.22849932,0.941472033,3.703648089,23.8293914,1,3009.731743,15,1,1,1,0
20.30750832,0.922864448,13.34392564,15.30268379,1,1143.776235,14,0,1,1,0
3506.770419,0.226474394,273.3356631,123.8792636,0,74.20570568,7,2,0,0,2
2.978073476,0.745631285,66.72144643,24.56736866,1,1080.409934,15,0,1,1,0
5.642800191,0.839179746,33.92601667,19.96477507,1,3441.633166,7,1,1,1,0
3011.427132,0.356491776,273.3356631,255.8662072,0,19.63912637,10,1,0,1,2
7.110174672,0.705734828,31.27962187,19.76314649,1,2629.28257,10,0,0,1,0
4712.121198,0.2296648,0.37118028,80,0,41.62954635,2,3,0,0,1
0,0.936787854,31.36272689,21.99073633,1,2417.141699,18,0,1,0,0
874.4186425,0.194101302,273.3356631,97.45294169,0,73.38755629,11,3,1,0,2
10.21941566,0.999504253,4.995765371,22.32184932,1,2186.928314,22,0,1,1,0
5393.951583,0.384005063,273.3356631,194.8249835,0,84.08166703,14,1,1,0,2
4026.867392,0.330992384,0.37118028,214.0691699,0,7.732376579,6,1,0,0,1
0,0.842142949,5.898279536,28.59520306,1,1342.519804,9,1,1,1,0
11.50201178,0.943337131,31.32989111,17.16802704,1,588.413612,17,0,1,1,0
20.50500493,0.934547159,15.13230587,26.47492792,1,3445.359662,22,0,0,1,0
0,0.957268701,9.496918861,17.30976121,1,2589.932755,15,1,1,1,0
0.674418122,0.845800148,8.150414511,7.868039647,1,1383.461769,16,0,0,1,0
21.39116805,0.991202964,42.61504476,26.8005795,1,2810.417249,18,0,1,1,0
4.846901508,0.978133189,7.10332054,23.5570529,1,2782.607446,11,1,0,0,0
14.34319911,0.8282804,52.15345296,19.26397361,1,2146.73985,18,0,1,1,0
27.90942573,0.868621838,13.99436018,10.25314122,1,3614.576805,19,0,0,1,0
2468.63341,0.196243875,0.37118028,107.0891984,1,13.43967784,17,1,0,0,2
3.48214905,0.761129938,51.08171924,18.26786747,1,864.2548994,9,0,0,1,0
2179.22925,0.337762245,273.3356631,128.6700182,1,23.63626779,12,4,1,0,2
16.72729019,0.874486688,11.75611432,22.63448962,1,783.5355155,7,1,0,1,0
0.557067399,0.903136192,7.215849107,12.18482847,1,1002.713011,16,1,0,1,0
0,0.988830505,26.25100542,27.2605885,1,583.1415861,13,0,1,1,0
2105.393422,0.048647263,273.3356631,80,0,41.94589527,6,3,1,0,1
1869.972866,0.350131633,0.37118028,172.2879926,1,31.06899583,20,3,0,1,2
3237.842701,0.024178769,273.3356631,150.3065725,1,38.76609444,10,2,0,1,1
21.83927691,0.936264726,6.932517435,23.46384516,1,1647.386625,22,0,1,1,0
0,0.829605678,10.33649546,20.95458262,1,3327.794414,6,1,1,1,0
7.221337716,0.774047161,28.66950858,22.75942986,1,2013.858383,9,1,1,1,0
6.91099068,0.931942562,19.91828575,14.7990314,1,2154.936339,8,0,1,1,0
1557.948496,0.320825024,0.37118028,80,0,26.06245431,3,1,0,1,2
5.488600703,0.8646576,1.916734977,15.96811535,1,1736.317613,13,1,0,1,0
22.70800636,0.842931096,29.66259063,21.7429756,1,2394.516344,6,0,1,1,0
19.96044311,0.989205222,20.68506541,12.28440886,1,1155.740844,19,1,1,1,0
3905.41492,0.394388778,273.3356631,107.4717305,0,4.395670928,6,3,0,0,2
7108.980047,0.096931925,0.37118028,116.8654258,1,69.11632746,17,2,0,0,1
2548.110877,0.364245003,0.37118028,179.954488,1,36.48067659,9,4,0,1,1
18.17394066,0.849668699,1.019234363,13.03632264,1,3026.701244,21,1,1,0,0
0,0.801658195,7.405449413,28.28104126,1,1792.917717,21,0,1,1,0
5.566499249,0.901861501,33.25762184,19.02150734,1,2482.905126,20,0,0,1,0
0,0.972766062,61.01298197,15.77529281,1,1337.940675,8,1,1,1,0
7607.018762,0.116729275,273.3356631,174.6002027,0,73.72432811,7,1,1,0,1
8.227185603,0.84138615,14.71885392,9.674584769,1,927.0174011,14,0,1,0,0
3.093175992,0.922568898,30.72892403,20.69322592,1,1471.544699,10,0,0,1,0
0,0.857017273,5.707085717,14.51315841,1,2013.08176,7,1,1,0,0
3.443227646,0.719933153,10.04913405,16.41978282,1,787.9583268,18,0,1,1,0
5270.302663,0.10959624,273.3356631,151.5403567,0,19.14589632,23,4,0,0,2
3193.950518,0.267144089,273.3356631,168.1497852,0,63.43331315,0,1,0,0,1
10.15047686,0.859726205,36.7503793,28.04390428,1,1856.254767,22,0,0,0,0
18.01741289,0.985844505,16.85037629,19.0703776,1,703.1780853,18,0,1,1,0
2921.108733,0.375435543,273.3356631,80,0,68.83869802,17,4,0,0,2
8.312634314,0.995400922,37.77284723,24.360985,1,1248.210175,14,0,0,1,0
20.29550319,0.802116131,3.031041183,10.0223411,1,994.1475429,9,1,0,1,0
3463.07244,0.092168789,0.37118028,217.6379515,0,70.3874577,19,4,1,0,1
7453.811283,0.239670254,0.37118028,157.2808498,0,6.409524008,2,3,0,0,2
7172.70294,0.318995591,273.3356631,245.0324521,1,47.44159742,9,3,0,1,2
9.017117221,0.797531205,47.567364,21.80323946,1,3632.143583,10,1,1,1,0
0.128746162,0.962266757,30.21496844,28.19179866,1,1541.74955,11,0,1,1,0
29.39752406,0.748910601,11.73390175,19.71302317,1,1194.745032,11,0,1,1,0
16.87030306,0.995457521,97.12249668,26.40469788,1,791.3370424,8,0,0,1,0
5647.791746,0.390896626,273.3356631,80.40083566,1,37.40168857,17,4,0,0,2
0,0.905633165,21.95259178,22.65513047,1,3641.534355,15,0,1,1,0
0,0.958507271,23.58158878,16.74670086,1,2008.150218,14,0,0,0,0
21.33431532,0.87719135,7.89525862,13.65000701,1,1728.267636,20,0,1,1,0
7845.649049,0.302804747,0.37118028,184.2945228,0,59.02566054,13,4,1,0,2
16.42822815,0.938259199,36.55383941,16.53874835,1,1025.860638,10,1,1,0,0
0,0.9905612,1.475241261,17.62910912,1,2346.584716,6,0,0,1,0
6509.074252,0.019621429,0.37118028,222.726923,0,39.25377513,15,4,0,0,2
0,0.890920411,4.264356611,16.75086557,1,1227.346304,15,1,1,1,0
0,0.823306323,7.260552598,21.21765102,1,3309.136078,10,0,0,1,0
8.571125715,0.774003659,39.05482841,31.53958125,1,1245.535011,18,0,0,1,0
7.790215258,0.934959524,17.89034607,24.19674557,1,1966.331839,15,0,1,0,0
1.796526918,0.796500997,20.99955317,23.51720067,1,580.4985128,14,0,1,1,0
0,0.961361345,14.52282782,17.59583105,1,903.9488875,8,0,1,1,0
0,0.975859307,9.107178387,19.21126508,1,1832.372451,19,1,1,1,0
1329.343903,0.107742767,0.37118028,157.0557248,0,51.08047848,7,1,0,1,2
0,0.72975343,1.663723094,24.97790757,1,2132.727518,16,0,1,1,0
5207.753102,0.030647926,273.3356631,93.63572381,1,41.48922139,5,3,0,0,1
11.28345509,0.967077416,3.333435476,21.81557814,1,1127.378128,16,0,0,1,0
20.79212816,0.779513928,4.740976545,15.05021104,1,1284.034368,18,0,1,1,0
0,0.73329943,43.23575738,20.88094911,1,1278.701859,10,0,1,1,0
1773.444797,0.06223613,273.3356631,101.747721,0,52.38853477,10,4,1,0,2
4.047044676,0.969568181,8.333391047,26.96590629,1,885.7389688,21,0,1,0,0
0,0.854758571,6.156850658,19.65233857,1,2179.430374,16,0,0,1,0
14.55142321,0.829128223,17.14885944,20.39900742,1,3382.343228,20,1,1,1,0
4.920273587,0.765720643,78.1655447,15.59622955,1,2401.70438,15,0,1,1,0
3171.339007,0.097874475,273.3356631,119.2527949,0,19.21166706,21,3,0,0,2
10.88317206,0.856998889,51.47648508,11.9421632,1,793.0945909,10,0,1,1,0
4.544139836,0.975245753,7.048202488,19.05869332,1,1072.07595,6,1,1,1,0
6424.340013,0.186386699,0.37118028,166.7580283,0,57.13719483,22,3,0,1,1
0.567177488,0.721147584,34.25134704,23.66414541,1,884.9598215,18,0,1,1,0
0,0.914297991,12.83222998,11.54664186,1,2468.987618,9,0,0,1,0
11.06009951,0.965039429,7.618855561,20.95948868,1,2397.052215,18,1,1,1,0
6562.735176,0.137528997,273.3356631,240.5777887,0,63.72935072,1,2,0,0,2
5811.105009,0.34089461,0.37118028,87.87495815,0,10.83462026,15,3,0,0,1
1500.494264,0.132557656,0.37118028,100.0714807,1,26.70581926,9,1,0,0,2
7478.176199,0.340436753,0.37118028,194.7465031,0,54.08049237,1,4,0,1,1
6082.27788,0.179016894,0.37118028,164.5866363,0,7.951762299,15,2,1,1,2
3694.014207,0.268265326,0.37118028,171.6874843,1,16.52253835,22,1,0,0,1
6208.329414,0.244859929,273.3356631,121.6593341,1,37.13511572,5,2,1,1,2
12.91662694,0.858219887,8.539066488,23.84419838,1,3332.253849,15,0,1,1,0
0,0.879693552,21.80633112,18.05826531,1,1072.158815,15,0,1,1,0
11.21809962,0.736876204,42.8629817,16.65827403,1,2067.694087,11,1,1,1,0
7.38789159,0.896395206,57.26803927,18.48217837,1,1462.659829,18,1,1,1,0
0,0.983334575,6.489543308,24.35373322,1,2271.050728,14,0,1,1,0
3748.070769,0.38312773,0.37118028,228.7293179,0,7.552025276,23,4,0,0,1
19.53534077,0.844890662,7.212789376,20.48835188,1,3502.750402,14,0,1,1,0
4.295012219,0.985447213,20.37406615,19.74238536,1,526.4933238,21,1,1,1,0
0,0.718737278,0.961470171,24.70590933,1,2513.371017,9,0,1,1,0
14.15402118,0.940021291,11.8397109,11.80985471,1,3433.298376,21,0,1,1,0
6984.943354,0.387739846,0.37118028,172.4206625,0,2.125191525,13,2,0,1,2
7031.078186,0.08225179,0.37118028,116.4041345,1,39.10339651,12,4,0,1,2
0,0.833014004,0.852852638,21.10779237,1,3544.952835,8,0,0,1,0
4807.027852,0.015756065,0.37118028,99.59467466,1,84.57823613,23,1,0,0,2
15.30999522,0.932934234,5.48528733,22.66679622,1,2180.632279,8,0,1,1,0
3526.420749,0.193737161,273.3356631,144.8971805,1,21.54278288,1,1,0,0,1
0,0.802734394,1.701741584,21.81985315,1,1985.627117,11,0,1,1,0
22.52270443,0.744638791,5.976799756,21.91717516,1,3357.057564,14,0,1,1,0
0,0.994389127,23.51521385,22.95674621,1,3016.346562,14,0,1,1,0
29.63242112,0.823786552,35.5672015,12.62933934,1,794.1339434,8,0,0,1,0
0,0.985428943,28.3748037,19.91694829,1,1942.243277,13,0,1,1,0
14.63879117,0.783355833,1.812379909,19.62064275,1,1393.803037,9,0,1,0,0
10.72582781,0.993192372,15.62469315,5.428720051,1,939.1743589,8,0,0,0,0
7.766907993,0.755830425,11.02597019,15.03068663,1,1568.250779,21,0,1,1,0
0,0.904785166,14.35064697,10.25219141,1,2662.242946,20,0,1,1,0
0,0.803763238,25.80108253,22.5995107,1,2341.540509,14,0,1,1,0
5659.880161,0.122930072,0.37118028,140.0715407,1,83.83329879,8,4,0,1,1
0,0.893171276,4.349279427,20.74681741,1,2612.626812,21,0,0,1,0
14.71570951,0.789975733,23.68941869,18.81494015,1,2991.987767,10,0,1,0,0
16.90646275,0.836303627,38.4657432,8.897894955,1,823.9820625,18,0,1,1,0
0,0.989342996,22.4053516,21.12117372,1,2810.492521,13,1,0,1,0
2450.869873,0.230768855,0.37118028,124.0082927,0,53.80009285,2,3,0,0,1
15.58424487,0.900341405,2.363264246,15.04151668,1,2907.573862,22,0,1,1,0
1586.739945,0.108978576,273.3356631,195.498127,0,66.54798458,16,2,0,1,1
0,0.919820042,39.8779058,21.634277,1,3639.104568,8,0,1,1,0
15.91506852,0.960990748,13.03966397,12.01063933,1,2097.033168,21,0,1,1,0
23.52278185,0.801480252,77.17084228,22.95211031,1,1666.038958,6,1,1,1,0
0,0.87348952,2.620403931,14.11518944,1,1949.540145,17,0,1,1,0
0,0.702658986,27.95755483,22.95721076,1,1224.590439,12,0,1,1,0
0,0.937778535,45.5243734,12.27531327,1,2097.216292,7,0,1,0,0
1.847307554,0.98901833,34.69012791,17.37668796,1,750.9935451,10,0,1,1,0
6.965547765,0.794004375,6.272559658,27.48355204,1,2144.682651,10,1,1,1,0
16.58110874,0.867926705,9.477647329,20.24654166,1,2537.916484,8,0,0,1,0
7.897748569,0.736900989,21.75703875,25.48650094,1,2575.831826,18,0,0,0,0
13.70067731,0.826788759,12.47771416,15.65869519,1,3193.757913,14,0,0,1,0
0,0.95618859,17.3218334,11.69458292,1,1786.639863,18,1,1,1,0
7441.582444,0.029072926,0.37118028,234.2850877,1,1.853121973,8,4,1,1,2
0,0.959588728,44.30897956,21.20620124,1,2146.45542,12,1,1,1,0
7.436872115,0.80733948,15.9046004,27.2365285,1,1769.892947,16,0,0,0,0
15.94191518,0.816844568,8.673123018,22.46780102,1,3012.400693,11,1,0,1,0
0,0.920698934,16.97681039,14.13883123,1,3129.706785,6,0,0,1,0
9.746982329,0.963241014,12.55625924,25.2003091,1,3259.430412,15,1,0,0,0
10.19346514,0.890242641,20.49578927,9.610940901,1,2238.065004,7,0,1,1,0
0,0.997542985,5.459854287,19.46831499,1,546.8569986,14,0,1,1,0
8.436182896,0.97567796,9.871005945,23.01547342,1,2734.960481,9,0,1,1,0
0,0.985159316,22.49541174,19.68680211,1,1109.902058,8,0,1,1,0
0,0.822971467,7.617122685,17.93793091,1,3282.974166,17,0,1,1,0
11.32407739,0.807344225,1.245521847,22.70454259,1,1253.09512,12,0,1,1,0
21.28396623,0.911366328,91.84305256,14.92760137,1,2223.860197,16,0,1,1,0
6.252245026,0.971826118,71.41321537,17.65751943,1,369.2193379,20,0,1,0,0
2232.247612,0.004916264,273.3356631,81.7661837,1,72.7129811,11,4,0,1,1
6.22297503,0.902205976,11.55582083,26.75426165,1,2121.01168,8,0,1,1,0
2092.779915,0.345377253,273.3356631,106.0141319,0,47.63370404,11,4,0,1,2
14.26177548,0.72612783,32.24379642,19.72039776,1,1421.739721,18,0,1,1,0
7624.66257,0.052181395,273.3356631,147.9897633,0,60.89258562,4,3,0,0,2
32.20169167,0.724180454,50.72402937,11.03446774,1,1427.778356,22,1,1,1,0
0,0.975471726,16.92195407,16.5025239,1,2552.101759,13,1,1,0,0
2707.413082,0.235517812,0.37118028,160.8702926,0,7.192778735,21,3,0,0,1
2.587639421,0.84099648,18.65231726,25.10757696,1,3460.079218,10,0,1,1,0
0,0.718757889,53.11869263,23.94959861,1,1494.973105,11,0,0,0,0
2803.624626,0.174831233,0.37118028,146.8955651,0,2.392611297,23,3,0,0,2
7.597225017,0.734346291,6.797682923,17.83613058,1,1731.792152,17,1,1,0,0
0,0.913604206,20.8599946,35.76028367,1,3523.67113,7,0,0,1,0
20.61511197,0.798022763,8.981814216,12.00302619,1,2726.989965,16,1,0,1,0
1494.366351,0.214210353,0.37118028,172.8612406,0,86.62470865,16,4,0,0,1
0,0.766255835,146.3172852,16.01931598,1,1000.474144,12,0,0,1,0
7741.142428,0.261971094,0.37118028,165.5269819,1,84.27330652,2,3,1,1,1
6210.122422,0.342519731,0.37118028,116.3230176,0,14.02745854,8,2,0,0,2
0,0.765367766,10.24735069,18.26348856,1,3107.833006,13,0,1,1,0
3.475301636,0.704618468,10.51786337,18.12183167,1,2008.677214,8,1,0,1,0
13.65755194,0.724517604,1.315769433,19.01859674,1,928.9628707,8,1,1,1,0
0,0.875334673,5.779001195,14.95775634,1,1764.059014,7,0,1,1,0
16.60826787,0.825834398,15.57527772,22.88989262,1,746.9590398,6,0,1,0,0
7636.852321,0.367841368,273.3356631,80,1,10.21127782,4,4,0,0,1
13.25416349,0.725039225,1.768418313,18.60003349,1,2210.765801,9,0,0,1,0
5.740947804,0.71040108,57.37683078,16.47635782,1,3428.275486,10,0,1,1,0
5175.738451,0.075338749,273.3356631,128.0786316,0,13.9823523,7,4,0,0,1
0,0.760084605,19.43956047,16.7215614,1,474.8061612,17,1,1,1,0
10.47097381,0.896287766,45.94196772,17.93889627,1,2960.581563,20,0,1,1,0
0,0.967690749,60.84041471,20.94664154,1,407.1191186,7,0,1,1,0
0,0.818541323,12.79258557,14.72455316,1,2487.264211,18,0,0,1,0
5.245101743,0.783782827,5.21087704,6.478041842,1,1364.650439,15,0,0,1,0
0,0.907747848,10.11671976,15.072302,1,3263.99642,17,0,1,1,0
12.60414656,0.772593139,24.01799292,18.45175143,1,1855.885962,13,0,1,1,0
0,0.848938346,19.55872569,19.38135527,1,2260.235165,17,0,0,0,0
6.195803684,0.929332218,3.567488893,24.04018095,1,1887.239464,7,1,1,1,0
9.714683571,0.986775649,15.79284208,27.12247911,1,2883.834051,15,0,0,1,0
5.822839893,0.813195416,26.83384545,26.33825756,1,1577.223251,22,0,1,1,0
0,0.78701366,4.468644746,24.61754308,1,392.4452032,11,0,1,1,0
0,0.912316405,75.87248567,17.70171614,1,1522.334685,20,0,0,1,0
2559.776599,0.303251683,273.3356631,228.3427354,1,42.71728389,12,2,0,1,1
4505.762676,0.268657169,0.37118028,188.8867524,0,38.85661942,13,2,1,0,2
6.329696741,0.77398109,8.417450221,17.31177121,1,498.3240644,21,0,1,1,0
0,0.755840769,11.93176526,19.80628553,1,3646.401939,8,1,1,1,0
13.99599875,0.747386447,141.4023356,24.43751984,1,2189.146786,22,0,0,1,0
0,0.942089647,14.09215813,28.17533197,1,2686.320684,10,0,1,1,0
5.35263552,0.910790132,4.203905856,17.05052622,1,645.566866,20,0,1,1,0
3.250402433,0.876836197,21.09748637,24.91341571,1,672.6647318,21,0,1,1,0
0,0.911461303,20.47202581,23.29725621,1,2101.399102,17,1,0,1,0
6.833420057,0.79118392,47.15153574,20.99340005,1,1307.291231,9,0,1,1,0
5.283183761,0.700040408,3.879272216,17.23455092,1,1132.457349,15,0,1,0,0
25.88374705,0.791259616,42.33753578,13.17489102,1,1690.979391,22,0,0,0,0
9.040508568,0.962995229,25.66167524,22.60639953,1,1625.155698,21,1,0,0,0
0,0.868198028,4.468469334,15.93492814,1,3172.083207,12,0,1,1,0
7396.479717,0.224913001,0.37118028,105.6680415,0,71.23381167,22,3,0,0,2
14.84322398,0.714455804,12.71166087,24.22901436,1,3472.858405,8,0,1,1,0
0,0.88627857,41.47477587,17.6436813,1,377.5825043,18,0,0,1,0
7894.702266,0.299810644,273.3356631,156.8670662,1,53.11074978,13,2,0,0,2
0,0.876619457,23.85042415,20.77246833,1,795.3830223,13,0,0,0,0
19.46977884,0.952813571,8.467368278,22.4037229,1,3034.827591,17,0,1,1,0
5819.928896,0.315580359,0.37118028,117.4356268,0,2.769311874,10,4,0,0,2
43.52731491,0.823328681,20.0430521,24.14114845,1,1355.960464,14,0,0,1,0
6754.930716,0.275936513,0.37118028,153.8539306,0,23.68449412,10,3,0,1,2
7.274599346,0.832059699,7.584070726,10.84427561,1,2968.493137,16,0,0,1,0
1954.458652,0.085584692,273.3356631,110.3432668,1,27.53472443,0,2,0,1,2
6.704162224,0.810534676,40.09443512,13.13082588,1,3422.785959,20,0,1,1,0
3358.319945,0.387445526,0.37118028,233.8812721,0,58.20182677,18,1,1,1,2
1045.717822,0.354369468,273.3356631,208.0751524,0,24.00705644,4,4,0,0,1
18.92002286,0.851438679,1.198089443,15.62782176,1,2732.224515,16,1,0,1,0
6.365353311,0.817819223,7.525508904,20.072545,1,449.563816,10,1,1,1,0
1812.476216,0.2140295,0.37118028,207.6456628,1,47.11845987,10,1,0,1,2
4.032868881,0.84305304,10.18443566,12.08911618,1,782.5320862,14,1,0,0,0
7330.638596,0.390875096,0.37118028,125.4563553,1,80.06099751,0,4,0,0,1
15.6667469,0.932197413,7.180887515,19.73446599,1,1778.127859,7,0,1,1,0
11.32931818,0.788590443,2.604574795,28.38688544,1,3339.837322,7,1,1,1,0
0.365823072,0.788633433,4.335943655,21.29330574,1,2829.278336,15,0,1,0,0
7259.180172,0.109669543,273.3356631,174.9910818,1,26.84657207,7,4,1,0,2
7211.829819,0.052077784,273.3356631,225.307362,0,56.5857186,18,4,0,0,1
20.86016816,0.946630948,0.774204517,24.74797286,1,3300.180256,18,0,1,1,0
3.131283558,0.808070176,52.13549896,15.60868374,1,2023.704261,11,1,0,1,0
5.030460202,0.899938914,25.15317356,20.57912294,1,2822.964478,18,0,1,0,0
0.069990653,0.890374725,52.13704259,22.31241812,1,572.7874482,20,1,1,1,0
0,0.938354663,20.4767581,22.57441798,1,3212.619375,12,0,1,0,0
0,0.995203949,41.64323981,23.79757444,1,1157.487644,12,1,1,1,0
4.008241362,0.890786412,36.31953361,24.15808393,1,1001.597292,8,1,0,1,0
0,0.895491928,92.89142205,25.38424072,1,2112.399831,13,0,0,0,0
0,0.9414967,33.26893341,20.08806626,1,2936.65771,17,1,0,1,0
2.193249231,0.770492021,1.771539145,10.42969965,1,2033.443012,18,1,1,1,0
25.92387276,0.828246906,13.90452446,20.93208085,1,3052.010079,21,0,1,0,0
4.283987406,0.861728366,3.716767239,21.0530042,1,3225.568711,13,1,1,1,0
8.824097462,0.837309882,5.401340426,25.26945776,1,3558.195664,20,0,1,1,0
12.09003758,0.9038861,2.439347649,26.55095954,1,1244.638623,12,1,1,1,0
1299.644546,0.137800742,273.3356631,121.8459461,0,16.29327557,7,1,0,0,2
1.122984401,0.818539272,27.08414239,13.23745655,1,3199.202004,11,0,1,1,0
0,0.768470609,70.01704138,21.80082092,1,3281.263759,16,0,1,1,0
1.904535607,0.929358338,11.43574543,14.23153859,1,2458.874151,18,0,1,1,0
12.5896922,0.868050455,23.45959402,22.46827424,1,1192.814158,8,0,0,1,0
7383.519052,0.040629818,273.3356631,145.6492388,0,27.35774768,23,1,0,0,1
5.760053914,0.989504611,4.148415928,14.39976289,1,1227.947523,20,0,1,1,0
0,0.871561681,67.15211182,20.03940092,1,984.2220164,8,0,1,0,0
10.43600155,0.830984257,25.86957874,19.0456389,1,2464.978571,21,0,1,1,0
2.790358262,0.831098766,23.16982513,21.78126394,1,2579.704127,13,0,0,1,0
11.74819492,0.850120344,19.9354768,23.78282337,1,1357.978961,13,0,1,1,0
0,0.866113446,18.20095673,19.33931706,1,1157.833777,8,1,1,1,0
10.00917188,0.882371564,65.78039961,20.43055434,1,1416.395668,8,0,1,1,0
5556.495312,0.032511642,273.3356631,128.0575005,0,86.70485887,5,4,0,0,2
5478.250521,0.285648611,273.3356631,159.6830882,0,75.09156322,10,1,1,0,2
0,0.793365249,98.60343211,22.52241628,1,492.5005336,15,1,0,1,0
8.853173797,0.77409364,2.393511884,17.35851477,1,1254.19564,7,1,1,1,0
2555.406556,0.029344304,273.3356631,159.8656706,0,6.442010113,0,2,0,0,2
25.10204539,0.786222879,20.55627793,21.89702699,1,3368.608354,16,0,1,1,0
12.11614878,0.948818399,19.52880236,23.50350306,1,1674.002734,15,1,1,0,0
7.961202771,0.928297228,19.65227629,9.907560678,1,2100.063815,16,0,1,1,0
18.99355437,0.927193062,21.14006556,22.61611593,1,3607.623782,20,0,0,0,0
7037.126347,0.343811082,273.3356631,155.8330876,0,80.04160479,14,2,0,0,1
23.65774511,0.951940686,28.2917162,21.28599485,1,1875.90931,22,1,1,0,0
5.675184814,0.84063039,7.332073338,21.03180886,1,728.1343013,16,0,1,0,0
7896.352337,0.041133126,273.3356631,136.6050633,1,5.588383721,0,2,0,0,2
8.112501545,0.713694624,6.489836786,12.34769295,1,2447.326882,17,0,1,1,0
7460.065563,0.18792083,0.37118028,213.6241665,0,74.8065143,19,1,0,1,2
0,0.860015989,1.027656111,13.46315109,1,3250.059357,13,0,1,1,0
7643.384474,0.0480011,273.3356631,98.01033877,1,22.49731033,6,2,0,0,2
4992.594778,0.28786557,0.37118028,190.7797122,0,51.638333,10,1,0,0,1
8.216978062,0.830320996,8.072367078,22.71695414,1,2105.64143,6,1,0,1,0
0,0.94878604,4.492401417,10.44179725,1,1695.428609,20,0,1,1,0
7.544208433,0.742641137,42.66134031,19.68438493,1,1925.936295,9,1,1,1,0
2.353431668,0.740043992,0.822156365,13.67750797,1,1153.897993,22,0,1,1,0
0,0.838107481,6.267354192,16.09421811,1,2454.60701,14,0,1,1,0
0,0.795660045,38.74448343,20.22745738,1,2110.451746,11,1,1,1,0
6347.064819,0.395673666,273.3356631,85.19756536,1,82.78915997,19,1,1,1,2
3879.675688,0.189513345,273.3356631,81.52681127,0,26.14239648,23,3,0,0,1
10.07991327,0.951940482,38.17992391,27.07093644,1,1489.567461,11,0,1,0,0
4682.31795,0.020688353,0.37118028,150.7347048,0,60.86573781,17,4,1,0,2
26.42270359,0.708750929,5.055412573,15.98859986,1,1077.234896,11,0,0,1,0
0,0.726786857,12.13980202,14.21441691,1,2067.942773,7,0,1,1,0
5222.309257,0.305356271,273.3356631,137.8812271,0,19.23752689,22,4,1,1,1
4.963974609,0.913516842,33.60672361,17.73181806,1,1985.318015,12,0,1,1,0
1.118231815,0.780656054,12.27233168,12.63981463,1,2185.08179,17,0,1,1,0
0,0.768324921,12.0709328,17.88200709,1,2761.477871,19,0,1,1,0
0,0.798457826,9.039005207,9.622059955,1,583.977541,16,1,0,0,0
6494.494745,0.332890313,273.3356631,225.4459447,0,50.65743799,4,4,0,1,2
2033.500401,0.008338096,0.37118028,93.04692462,1,75.00661255,11,4,0,0,1
0,0.893449781,9.409189591,15.20610772,1,2561.175893,6,0,0,1,0
22.55340842,0.879507245,49.0891328,22.24317882,1,1890.390571,8,0,1,1,0
13.23170584,0.928570544,15.49183836,13.20712992,1,1535.789557,16,0,0,1,0
1903.798362,0.392816035,0.37118028,160.7834385,0,53.42446571,20,1,0,1,1
5.297561395,0.853338742,7.493112017,23.4793192,1,1710.407646,9,0,0,0,0
7056.889075,0.237461032,273.3356631,147.3763072,0,1.822565998,8,2,0,1,2
6.29221182,0.707005629,10.80707532,21.05334233,1,3359.530075,21,1,0,0,0
8.57015486,0.974527021,8.102405786,23.35765586,1,2446.97809,7,1,0,1,0
0,0.845223121,0.1,23.27701915,1,3366.594818,20,1,1,1,0
0,0.879300485,26.55117227,23.22259246,1,602.2734091,10,0,0,1,0
2917.499839,0.263892613,273.3356631,264.9984562,0,21.16329252,5,3,1,0,1
0,0.866525485,82.65787489,16.88982597,1,2526.365458,17,0,1,1,0
6.713682812,0.759241147,12.7429696,19.24878506,1,1226.571147,12,1,1,1,0
3504.933863,0.39681539,273.3356631,107.7155344,0,3.11873785,3,4,0,0,1
1327.662924,0.15864352,0.37118028,175.0056415,0,17.27700093,22,1,0,0,1
5.685629748,0.947514823,34.12266726,26.51753966,1,2989.984849,8,0,1,1,0
14.24633683,0.748501431,18.70850721,13.89839655,1,2208.378448,7,1,1,0,0
27.52435805,0.993557641,17.78593418,21.32134136,1,1658.244995,7,0,0,1,0
12.32640077,0.73836004,2.017218034,14.0551829,1,2557.460018,7,0,1,0,0
6291.143786,0.395355951,0.37118028,93.58292149,0,43.13448063,0,1,0,0,1
14.49554135,0.889074166,64.78516716,14.01016785,1,680.7734229,8,1,1,1,0
2844.922358,0.316888939,0.37118028,80,0,83.04424946,9,4,0,0,1
14.63376129,0.707257529,5.923585525,13.05728723,1,2201.763916,9,0,0,0,0
6.708654381,0.90304639,66.94086013,21.53701785,1,457.6085534,14,0,1,0,0
2.918777496,0.87327801,47.70602939,24.80152398,1,1174.253992,9,0,1,1,0
0,0.886387735,12.69529447,25.83185273,1,995.7733844,6,1,0,1,0
1251.585118,0.299646232,0.37118028,122.093337,0,82.49653015,20,2,1,1,2
3870.134875,0.137039508,273.3356631,144.8675713,0,43.34591653,13,4,0,0,2
6716.72834,0.305688194,273.3356631,101.7392962,1,2.717622768,8,4,0,0,2
10.792915,0.731617965,5.983113592,35.56455101,1,1354.544803,21,0,1,1,0
4.255665709,0.875759437,40.79853341,21.00229816,1,2762.685752,17,1,1,1,0
2.860111558,0.80801514,13.38525319,22.57031276,1,1168.890736,20,0,1,1,0
0,0.730191244,3.733846723,21.21441007,1,1874.893598,14,0,0,1,0
5861.419807,0.20030211,273.3356631,173.1077048,0,25.18082084,12,2,1,0,2
21.76437312,0.936695548,20.06655178,5.726866685,1,388.3121092,19,0,1,1,0
6.866091232,0.837398728,55.32551277,15.16921638,1,2465.384394,10,0,1,1,0
0.476936808,0.994357759,27.51136498,27.20972503,1,1012.493338,22,0,1,1,0
6934.96417,0.341970263,0.37118028,171.6531973,0,2.969861525,11,1,0,1,2
7656.938311,0.311984881,0.37118028,166.2172856,0,46.92852319,5,3,0,0,2
4064.697324,0.123707552,0.37118028,111.5782242,0,67.78461451,6,1,1,1,1
1.947752956,0.837682155,21.8083873,24.84784513,1,1275.793898,19,1,1,1,0
4268.9722,0.085569148,273.3356631,130.4164695,1,43.71849283,17,4,0,0,2
0,0.935469093,24.01767091,16.08998254,1,3586.800458,6,0,1,1,0
0,0.882126874,19.22612922,26.17375957,1,3369.951545,22,0,1,1,0
0,0.763793313,43.71797541,12.97218473,1,2245.055385,11,1,0,1,0
9.369381697,0.936216108,26.52633492,21.94802262,1,3331.521395,11,0,0,0,0
0,0.957453116,1.550584526,26.4532223,1,1728.627076,16,0,1,1,0
1.751686165,0.910350958,26.35627951,13.67996916,1,566.096722,9,0,1,0,0
2113.036036,0.117134249,273.3356631,150.6710243,0,16.16855497,4,2,0,1,2
583.9947894,0.118325345,273.3356631,93.85426613,0,60.6053477,2,2,1,0,2
7.670502659,0.830145226,26.78190264,25.74836009,1,3428.078469,14,0,0,1,0
6.504189051,0.79758854,20.85691203,25.51966773,1,603.4082116,13,0,1,1,0
8.934853854,0.892184555,21.14145283,20.64308725,1,3570.735784,19,1,1,1,0
2458.453583,0.102567348,273.3356631,80,1,65.94212572,16,1,0,1,2
7939.977568,0.265383329,0.37118028,168.6826703,0,59.70411761,8,1,0,0,1
2966.339662,0.032556127,273.3356631,145.2437561,0,14.49835947,8,4,1,1,1
1.92221765,0.893937622,59.81159078,19.4976214,1,713.6371134,9,0,0,0,0
891.3879335,0.142179785,0.37118028,131.4534448,0,88.89602393,3,2,0,1,2
0,0.898304276,3.402493553,23.34420065,1,1439.004799,10,0,1,0,0
11.24119817,0.915806087,6.350990568,16.95886746,1,688.7264069,6,0,1,1,0
0,0.786238499,39.1316567,22.37682805,1,2830.947712,22,0,1,1,0
8.241663525,0.995233096,4.399472481,17.09675849,1,2241.434435,11,0,1,0,0
6787.533654,0.395629786,0.37118028,80,0,87.74021977,19,2,0,1,1
0,0.716852823,6.306466927,16.71313723,1,2348.335648,12,0,0,1,0
2570.563521,0.146020511,0.37118028,185.8631772,1,32.09883503,16,2,0,1,2
23.96792983,0.85542363,26.0308202,20.79731253,1,1817.18751,20,1,1,1,0
7.419622716,0.887399071,30.44338588,23.91436867,1,3619.261392,14,1,0,1,0
3737.876638,0.243475504,273.3356631,169.9356401,1,28.2935081,7,4,0,0,1
0,0.828897044,4.989915176,10.15747893,1,392.9079757,11,1,1,0,0
11.96206365,0.74175901,1.917904443,21.01617977,1,1298.88703,6,1,1,0,0
0,0.927632876,1.521964683,26.36285081,1,2483.025847,21,0,0,1,0
0,0.760409135,14.57484277,26.96727264,1,1989.751318,11,1,1,1,0
4.726954605,0.747847679,6.557019783,11.02178414,1,1359.173519,11,0,1,1,0
832.9644873,0.110274359,0.37118028,134.4514267,0,8.098944865,6,4,0,1,1
1.066611877,0.77967485,1.241570393,18.48324966,1,2410.074767,13,1,1,1,0
1.573124059,0.737446244,19.54264716,19.01539096,1,1976.125283,21,0,1,1,0
9.438194281,0.715586973,4.743981448,18.03473621,1,2849.62964,13,0,1,0,0
6.664522082,0.762664817,65.39240039,14.0273853,1,3187.882464,14,0,0,1,0
8.3445679,0.759764582,22.18073295,22.06499456,1,3033.778865,19,0,1,1,0
5177.194605,0.359291677,0.37118028,100.5174517,0,77.95631998,17,1,0,1,2
13.13517217,0.936584489,15.41530334,11.14465723,1,1106.308155,20,0,1,1,0
16.6929559,0.931876445,0.677939291,17.24509098,1,3239.403579,7,0,1,1,0
2148.50534,0.156300139,0.37118028,156.7745686,0,9.684546092,14,1,1,1,2
0,0.736167525,5.075380685,21.79737899,1,672.213606,10,0,1,1,0
3.698569456,0.900376,3.823652062,16.94307376,1,2813.631573,15,0,1,1,0
2330.709294,0.219248026,0.37118028,161.6797541,0,55.84996933,15,4,0,1,1
5954.693579,0.370905948,273.3356631,207.9235998,0,78.72988013,17,2,0,0,1
4.016603732,0.945138443,20.03407679,15.98025793,1,3027.833642,21,1,1,1,0
8.944521424,0.873159966,16.29332375,8.065350649,1,3032.314034,21,1,1,1,0
0,0.855180717,30.24432722,22.3577119,1,1060.756922,21,0,0,1,0
1152.751738,0.01569743,0.37118028,126.4872142,0,48.82483968,5,4,0,0,2
0,0.810715907,33.3843367,18.76808299,1,1072.455244,8,0,1,1,0
0.280681342,0.75942929,20.87438258,17.74025314,1,788.9789351,7,1,1,1,0
12.43264094,0.999346257,3.078573575,23.4011018,1,585.0657451,6,1,1,1,0
13.33922155,0.86575029,33.50920263,26.27701805,1,1227.036828,19,0,1,1,0
4736.095858,0.11778564,273.3356631,142.6684113,0,65.90196034,14,4,0,0,2
11.35171802,0.748809923,6.389634597,26.94512181,1,1757.209888,8,1,1,0,0
10.14438834,0.791425329,2.184918183,17.92449856,1,1362.010342,22,0,1,0,0
0,0.703782256,38.42256258,29.45220343,1,2155.599011,16,0,0,0,0
6542.27694,0.305074468,273.3356631,124.900402,0,73.65939765,15,4,0,0,2
11.29628842,0.795028503,23.38873331,21.94156003,1,1131.021116,7,1,1,1,0
10.38755992,0.775267914,71.55117745,23.35455624,1,906.0977987,7,0,1,0,0
5960.783693,0.195824362,0.37118028,144.5403453,0,32.31954996,13,2,0,0,1
6.109225897,0.880564477,22.46070546,16.35961451,1,1398.420376,10,0,1,1,0
3981.998152,0.19642718,0.37118028,129.4369785,0,85.45046462,11,3,0,0,2
4.623652976,0.907759729,70.38899406,9.818897486,1,3109.853051,9,0,1,1,0
0,0.931488073,41.16416424,28.08150021,1,446.1306229,11,0,1,1,0
0,0.784656122,20.63231516,22.40454046,1,2686.849814,11,1,1,0,0
8.840654489,0.719092273,16.03192385,18.18441669,1,3568.678298,20,1,1,1,0
2.808994712,0.939514102,54.8778852,14.3697302,1,1547.024799,16,0,1,1,0
0,0.777971494,29.88649838,19.97022645,1,986.3206174,15,1,1,1,0
11.40842861,0.988040681,79.43745084,24.18882111,1,658.0948221,8,0,1,1,0
10.62969237,0.803566943,79.35896364,20.02114929,1,3425.73773,21,0,0,1,0
23.76795813,0.74216589,14.69659871,24.460338,1,1911.269037,22,0,1,0,0
5051.917102,0.238455225,0.37118028,141.4094768,0,60.96380752,12,4,0,0,2
0,0.848877626,4.893687477,23.69590247,1,518.3596334,17,1,1,0,0
1366.675241,0.313909728,273.3356631,132.9829759,0,9.789014213,19,2,1,0,2
7.891686439,0.810943977,41.59560752,15.77423021,1,3477.300974,14,1,1,1,0
20.23029856,0.729518695,22.63227503,22.28902805,1,2429.635312,12,1,0,0,0
0,0.819710595,20.11009997,22.9369585,1,3226.128566,9,1,1,1,0
11.33776881,0.901443745,4.734496933,20.65345012,1,1416.795135,22,0,1,1,0
12.5750771,0.895667278,2.839807383,24.43095594,1,600.6506042,8,0,1,1,0
10.95157025,0.749786469,34.1801473,18.80249039,1,1359.591591,9,1,1,1,0
2.658630431,0.929311799,26.87449949,19.08715513,1,2804.559226,19,0,1,0,0
11.8626019,0.776959019,47.95898681,16.38004834,1,2083.995329,17,0,1,1,0
19.71170327,0.733129559,65.43300709,27.99160904,1,1225.78499,6,1,1,1,0
2.96954614,0.962109578,28.19027141,17.07546173,1,2461.28958,20,1,1,1,0
0,0.882558182,29.4945249,18.14071059,1,3221.44274,8,0,1,1,0
6.968612359,0.772207814,4.520940389,20.36437049,1,1893.43669,7,0,1,1,0
10.29804178,0.878098237,12.35625886,29.06703849,1,2387.090367,21,0,1,1,0
10.04987279,0.863061465,21.58394193,12.3364972,1,3053.314707,9,0,0,1,0
17.06508967,0.931047464,8.421129081,23.71229457,1,2238.476588,7,0,1,1,0
9.535343015,0.712726689,5.85049944,23.98350964,1,3060.593603,19,0,1,1,0
7604.632423,0.09753564,273.3356631,115.1769455,1,7.432209091,10,4,0,0,1
7621.215738,0.202046687,273.3356631,227.0376188,0,17.64805841,13,1,1,1,2
0,0.829818741,45.62298061,13.02752466,1,3305.354793,17,0,1,0,0
686.5691151,0.212788694,273.3356631,242.4331534,0,44.65089774,8,3,0,1,2
2702.5731,0.097802999,273.3356631,195.7701485,1,86.96956826,15,4,0,1,2
888.0910975,0.08690296,0.37118028,155.2885192,0,60.89780999,8,2,1,1,2
0,0.71183786,27.03516924,20.63133868,1,859.7569808,14,0,0,0,0
0,0.919809715,12.88562363,9.108943401,1,2746.338373,7,0,1,0,0
18.05478807,0.941081061,6.252994487,22.57647161,1,2539.211126,21,0,1,1,0
16.59329803,0.959673144,42.94417657,24.50266539,1,609.4973546,6,1,1,0,0
1774.150061,0.051574922,273.3356631,175.0545005,0,13.38849859,17,2,1,0,1
11.4537595,0.92295796,33.29659158,23.7495012,1,2794.174238,18,1,0,1,0
15.37539944,0.80218125,8.435640615,12.14559271,1,2824.388096,20,0,0,1,0
3227.208116,0.211223369,0.37118028,135.7229187,0,63.88113727,12,4,0,0,1
23.82024496,0.794190015,44.11865023,19.54146988,1,1516.861241,18,1,0,1,0
12.5892859,0.951699198,11.58087355,16.30485671,1,2539.570923,15,0,1,0,0
4.614915305,0.807573538,83.62088099,21.25658324,1,1572.922449,7,0,1,1,0
0,0.991601599,14.01415172,18.92195211,1,1377.93672,7,0,1,1,0
4.42381203,0.75448419,15.75329018,17.96557378,1,2561.854441,16,1,1,1,0
17.18761852,0.921375218,22.93453145,25.59622459,1,1834.2917,7,0,1,1,0
0,0.774267931,20.65583829,26.26566412,1,2630.119876,22,1,1,1,0
4.279898784,0.851755808,30.84817742,15.4183954,1,573.9307185,21,0,1,1,0
0,0.993991099,17.57652002,18.19980366,1,1446.007366,17,0,1,1,0
7.598827942,0.726580129,5.807046648,19.2483977,1,446.5245396,20,0,0,1,0
0,0.724054004,33.95740459,17.57913024,1,2386.417656,17,0,0,0,0
0.602689417,0.781117986,54.24930024,20.49943477,1,944.5131258,16,0,1,1,0
673.3013959,0.280692416,273.3356631,158.3070307,0,36.79139238,20,2,0,1,1
0,0.820448295,50.36218087,28.51586305,1,596.7569593,16,0,0,0,0
2530.502993,0.297092346,0.37118028,201.8502662,0,72.08470707,0,2,1,0,1
4825.706356,0.084415332,0.37118028,169.3083249,0,53.39356311,11,1,1,1,2
3762.351484,0.342241051,273.3356631,109.0329204,1,25.66729463,9,3,1,0,2
5065.156459,0.238323013,273.3356631,169.6647569,0,49.00965764,0,3,1,1,1
3619.373997,0.084272159,0.37118028,80,0,86.43435489,11,2,0,0,2
3.269281757,0.948251896,36.82453983,21.39541929,1,2287.958264,17,0,1,0,0
3.912398515,0.902853269,36.01930905,28.21689078,1,1932.305751,10,0,1,0,0
6963.303798,0.063976321,0.37118028,196.9867741,1,14.28430883,1,2,0,0,2
3091.85655,0.250266872,0.37118028,102.6717741,0,32.87507111,9,3,0,0,1
5.380034782,0.735550787,10.65925537,17.17211816,1,942.2245826,14,1,1,1,0
2.426234626,0.997976505,1.405517594,16.7916659,1,1199.873815,17,0,0,1,0
0,0.883987505,68.11891769,12.99964638,1,2888.173608,17,0,1,1,0
0,0.706573999,8.126019793,23.41611507,1,1050.421535,7,0,1,1,0
1251.711925,0.221360011,273.3356631,204.4814761,0,62.12708822,7,1,0,1,1
6.064302277,0.989208654,4.814943491,13.17191298,1,431.820454,6,0,0,1,0
11.90143992,0.905898159,9.040708226,15.68253198,1,2596.079033,10,0,1,1,0
2.009926495,0.928336461,51.40383996,9.337021869,1,1505.842638,10,0,0,0,0
8.756980183,0.924421954,1.427177107,21.56189105,1,3455.167267,17,0,1,1,0
1540.819131,0.330243469,273.3356631,129.9940169,0,38.93900066,6,1,0,1,2
0,0.71785741,82.66581959,22.39913518,1,2999.287335,10,0,1,1,0
2247.291591,0.372002688,0.37118028,80,0,76.7647067,6,2,1,1,2
14.31280119,0.896848551,17.01313031,24.19734252,1,741.9273331,10,0,1,0,0
0,0.832132405,4.219329779,9.8910068,1,2174.018439,14,0,0,0,0
12.47293605,0.783071346,45.11654571,18.25280336,1,2645.222483,6,1,1,0,0
1.363877878,0.941331162,111.3351657,22.02106433,1,395.1088324,6,0,1,0,0
20.93186627,0.880882863,11.51126181,24.98816038,1,2117.726314,12,1,1,1,0
12.67434729,0.706283488,28.41613089,19.82496195,1,2220.869316,6,0,1,0,0
0.377247113,0.718806886,1.400404069,22.50071517,1,3394.5036,14,0,1,1,0
18.80091354,0.851787372,25.75784328,23.32684468,1,1876.437128,17,0,1,1,0
0,0.91307284,3.813700899,21.73780807,1,1122.963129,15,0,1,1,0
15.57122226,0.953954302,2.991864691,26.14607392,1,2305.792893,17,0,0,1,0
6773.548937,0.317000673,0.37118028,175.345786,0,3.707585981,15,1,0,0,2
23.86185901,0.998900301,29.60704866,21.60839271,1,1759.062106,9,1,1,1,0
2.865528483,0.771962234,23.47589059,9.589506484,1,1099.534371,21,0,1,1,0
13.50221742,0.982235356,21.70645474,19.81053459,1,1571.507249,15,0,0,1,0
0,0.958041908,95.2689915,16.30314296,1,736.9645684,19,0,1,1,0
11.51391251,0.899136906,0.347660673,12.83424093,1,1259.55608,20,0,0,1,0
7773.655889,0.393286395,0.37118028,132.5369057,0,31.89784873,15,1,0,1,1
10.9740007,0.927701585,21.28159331,8.398422009,1,1578.421997,6,0,1,1,0
0,0.740148509,4.223580506,17.58586205,1,1928.846267,14,0,0,1,0
6734.930535,0.175797005,273.3356631,189.9534037,1,77.71957674,10,4,0,1,2
5780.642515,0.160087638,0.37118028,231.0936874,0,7.896368822,19,4,0,1,2
3014.173852,0.074381378,0.37118028,142.4835813,1,51.1053539,21,3,0,0,1
10.70598669,0.715340614,21.70545279,20.42084115,1,536.9604811,14,0,1,1,0
5.455718399,0.767595079,63.2069161,20.69943616,1,699.568266,16,0,0,1,0
2.542569359,0.781074308,12.97710775,30.46598966,1,496.6269487,9,0,0,1,0
7637.026719,0.330503092,273.3356631,124.3436377,0,67.44443397,14,1,0,1,2
0,0.825684337,20.69980731,16.44013386,1,932.5077906,18,0,0,1,0
5585.452826,0.360347158,0.37118028,90.70392004,0,33.38535503,18,4,0,0,2
18.55637859,0.836200486,1.301000082,19.6088467,1,1361.038917,18,1,1,0,0
10.9992873,0.885035082,21.28107871,18.82144378,1,1569.780571,20,0,1,1,0
14.96266819,0.79946941,4.260625242,16.95824618,1,2361.500695,12,1,1,0,0
10.36509844,0.891306474,4.599746616,22.93631207,1,2819.632959,14,0,1,1,0
0.208257622,0.712952121,15.43053635,17.14126979,1,2739.526785,18,0,1,0,0
0,0.902807886,50.80675626,23.0189526,1,2628.835928,11,1,1,1,0
0,0.806615371,11.29810071,14.00151236,1,2710.351859,9,0,0,1,0
2.450227826,0.972836383,4.093588063,15.12939077,1,1039.039764,19,1,1,0,0
6.135173453,0.73164211,10.52131594,19.56282336,1,1503.971131,17,0,1,1,0
9.95681888,0.790879272,17.43014094,20.48906647,1,622.3410453,12,0,1,1,0
0,0.993731481,30.98415065,20.14228791,1,737.0047386,17,1,1,0,0
4.358616534,0.912796249,11.50973315,15.02785739,1,3114.307931,16,1,0,1,0
13.53415559,0.707558024,15.84676279,12.02053016,1,1708.325969,11,1,1,1,0
29.5530014,0.715706506,19.49664712,22.76694492,1,1755.73112,20,0,0,1,0
4923.347006,0.365525919,273.3356631,180.9430165,0,53.6390439,13,1,0,1,2
0,0.965858734,15.87906983,9.114674768,1,1714.531859,22,1,0,1,0
3.843517176,0.96607747,49.06278368,25.95853749,1,1797.491528,15,0,1,0,0
26.90455626,0.868445376,32.53866052,19.94453998,1,3371.231025,8,0,1,1,0
0,0.71008408,12.71170335,16.92838428,1,1911.252783,10,1,1,1,0
0,0.952599566,11.93637911,26.37695369,1,2909.733856,20,1,1,1,0
0,0.973986084,57.5717666,17.45393319,1,2497.470774,13,0,1,1,0
8.61636025,0.919840463,43.40656347,19.29812471,1,3128.00092,18,1,1,1,0
5598.775698,0.193911224,0.37118028,209.9184285,0,13.52615934,21,4,0,0,2
4110.765095,0.235708704,0.37118028,115.5652783,0,63.94709461,0,4,1,0,1
9.824724152,0.918852469,26.37971063,14.07984721,1,1535.097104,17,0,0,0,0
1.779384838,0.91230428,4.08402656,16.20148441,1,876.4501836,21,0,1,1,0
0,0.942146661,26.16292462,16.81206229,1,540.9989983,8,1,0,1,0
4.604448461,0.92459357,34.26689091,21.13342124,1,1056.586085,16,0,1,1,0
0,0.849476705,21.82089998,23.32351373,1,2035.353631,15,0,1,1,0
2.803281122,0.702799486,11.77773288,36.21546485,1,3481.776785,21,1,1,0,0
6634.359695,0.271614866,273.3356631,131.8572186,0,45.86267027,10,3,0,0,1
2208.505668,0.187147965,273.3356631,174.4565278,1,48.38348316,17,4,0,0,1
0,0.808575997,12.71194672,21.53490536,1,2223.944068,10,0,1,1,0
7125.262235,0.303572779,0.37118028,111.2598911,1,53.77293029,6,4,0,0,2
4.522886439,0.998445788,28.94431694,19.47090621,1,1590.986208,14,1,1,0,0
9.127809269,0.949509113,21.71081513,11.99864448,1,2016.643606,10,0,1,1,0
22.6545424,0.954992611,68.20837788,19.67961118,1,1718.478272,15,0,1,1,0
8.665982461,0.900760079,42.18397534,28.39337337,1,2585.965617,8,0,0,1,0
2554.038648,0.0197168,0.37118028,146.1038632,0,22.9349284,22,1,0,0,2
0,0.882325637,48.15972007,24.2835124,1,3056.820499,8,0,1,1,0
0,0.821358216,0.583148676,17.35266518,1,3304.293127,12,0,0,1,0
7.610552722,0.710593406,9.296951781,20.72531873,1,781.7772402,12,0,1,1,0
7556.476609,0.352042667,273.3356631,94.2391386,0,53.16471104,1,4,0,0,2
14.82690984,0.884081234,11.98554443,20.67669174,1,2243.683361,10,0,0,1,0
0,0.727620096,17.59585184,13.90357767,1,2412.587915,13,1,0,1,0
1.572854835,0.798079485,11.07263554,18.14708619,1,1005.051015,7,0,1,1,0
20.02357052,0.938373484,6.528028817,22.86003139,1,1138.834095,21,0,1,1,0
0,0.906665591,14.40462494,12.82045238,1,2386.683986,20,0,1,1,0
3637.766826,0.108507435,273.3356631,209.3207795,0,51.28658143,9,2,0,1,2
0,0.753809405,49.77397227,35.38430185,1,1417.961308,9,1,1,1,0
0.535663854,0.819401588,37.70728387,19.60305788,1,788.8846032,18,0,0,1,0
7648.831537,0.100665774,0.37118028,121.7325024,0,3.806581904,10,2,0,0,2
3046.798559,0.170621142,0.37118028,244.7753673,0,30.0121349,20,1,0,0,2
7288.160925,0.049552226,273.3356631,202.1095288,1,6.729364633,2,2,0,0,2
30.60084538,0.941044823,21.30209281,25.4002803,1,3431.853477,20,0,1,1,0
5.26885839,0.878068281,4.957953336,26.30759626,1,2445.288393,18,0,1,1,0
14.50423838,0.733296841,16.14260341,16.60678469,1,735.6811887,7,0,0,0,0
11.33919022,0.868366836,18.00223662,20.7888072,1,1584.624974,18,0,1,0,0
3223.465329,0.369845013,273.3356631,98.44469734,0,43.14502857,4,1,0,0,2
0,0.963349023,28.86653018,15.28720997,1,3186.751097,11,0,1,0,0
2.7536685,0.818966105,1.119764571,19.92950517,1,488.8359275,18,0,0,1,0
0,0.806647903,21.03316235,17.75887692,1,2928.84769,20,0,1,1,0
4131.597993,0.290576543,273.3356631,142.5888556,0,24.62711702,14,2,0,0,1
1.28559134,0.938263199,6.315825787,17.67709461,1,758.3682002,12,0,1,1,0
9.04981711,0.900706701,4.395608132,22.68145455,1,819.6360699,17,0,1,1,0
4907.517886,0.269869597,273.3356631,135.9398202,0,28.56157023,12,1,0,1,2
6287.510797,0.354612268,273.3356631,221.7000502,0,6.613690517,22,2,0,0,1
1.078918469,0.866267954,13.63750042,24.29007098,1,2063.778265,12,0,0,1,0
0,0.767384684,19.53386765,21.69343659,1,1760.448886,7,1,1,0,0
1982.532027,0.389949013,0.37118028,143.6400308,0,28.52379383,13,1,0,0,2
6804.0191,0.339025919,273.3356631,203.2712362,0,57.28367967,10,2,0,0,2
0,0.96369367,0.742496374,26.55583749,1,3425.123377,6,0,1,0,0
6.142276487,0.789818677,36.7015695,18.75464078,1,1142.339837,22,0,1,1,0
3522.296001,0.041803025,0.37118028,154.6371533,0,14.92920302,1,3,0,1,2
1500.414628,0.338539512,0.37118028,205.9169068,0,17.46013501,10,2,1,0,2
9.96714153,0.898411183,46.97580016,18.3043886,1,456.4578534,17,0,1,1,0
2.906763228,0.786756234,8.676556044,23.66773907,1,3261.441352,21,0,1,1,0
0,0.767837599,23.86809598,20.17004048,1,1995.420304,10,0,0,1,0
0,0.767288045,84.92162904,28.02169554,1,724.2341417,19,0,1,1,0
5.43811472,0.92528194,15.46867722,16.5649295,1,1470.239406,16,1,1,0,0
19.77894045,0.917938515,55.69163096,19.09275465,1,3030.66561,13,1,1,0,0
0,0.756562182,31.87489199,22.23696969,1,2893.70203,12,0,1,1,0
0,0.983212628,76.14958444,22.47352827,1,3320.227028,18,1,1,1,0
7322.887339,0.058116685,0.37118028,125.6416408,0,27.41983105,7,1,0,0,2
11.52322878,0.757477884,9.947120935,27.35517345,1,2545.367375,17,0,0,1,0
12.07751935,0.993694335,11.26941314,19.42387884,1,3526.370065,16,0,1,0,0
5499.038415,0.18244216,0.37118028,206.731985,0,9.39382598,15,3,0,0,1
6.335409048,0.822445507,0.612528688,25.31328645,1,2920.328263,19,0,1,1,0
6183.935916,0.069818353,273.3356631,126.0722867,0,11.61766267,12,4,0,0,2
3819.417675,0.001650862,273.3356631,151.7102342,0,54.10975879,4,4,1,1,2
0.499345285,0.926188571,20.32573681,21.02379441,1,3448.692907,16,1,1,1,0
2475.52709,0.245612479,273.3356631,178.953815,0,28.48709901,0,3,0,0,2
7.673923141,0.777613493,16.45569049,17.70117692,1,3444.852858,15,0,1,1,0
6.60573981,0.968603827,0.335018702,26.89234814,1,382.5714279,6,1,0,1,0
3.387142883,0.791681265,30.78699547,16.42659662,1,3487.4042,19,0,1,1,0
12.10959968,0.853382639,31.5573887,16.1874038,1,1564.181257,20,0,0,0,0
0,0.772606624,15.31188893,18.97186073,1,1388.945411,8,1,1,1,0
20.79572146,0.701308981,2.0332575,24.21552666,1,1623.695279,8,0,1,0,0
0,0.739518632,23.76020331,24.66564036,1,2320.484423,16,0,0,0,0
0,0.763598216,52.95570565,24.4057336,1,1477.14998,11,0,1,1,0
12.5915516,0.787714933,139.0181447,31.96054818,1,2447.196655,20,0,1,1,0
0,0.89625238,21.21969506,19.02304824,1,748.5168606,16,0,1,1,0
12.81822872,0.766183586,13.27502083,18.36651893,1,3108.776738,6,0,1,1,0
2.409578542,0.745478522,12.11277137,19.59541331,1,3051.815221,12,0,0,1,0
14.59270826,0.853796426,16.28147226,23.16663413,1,1841.881314,22,0,1,0,0
7218.491431,0.316886813,273.3356631,163.683006,0,4.092050987,14,3,1,0,1
3.49944413,0.810784231,41.95946458,14.52364741,1,1530.668201,11,0,1,1,0
6363.093941,0.310732548,0.37118028,100.7133483,1,83.64596333,21,4,1,1,1
7149.230845,0.030994319,0.37118028,95.14280651,0,56.05512957,13,4,0,0,1
6393.503489,0.082736415,0.37118028,142.1795361,0,88.36334835,12,3,0,0,1
15.91310121,0.984020119,13.00690456,17.51734132,1,605.6118095,11,0,1,1,0
10.42560044,0.99035801,3.001310936,14.42976775,1,1723.891245,9,0,1,1,0
0,0.871531706,5.489268812,18.87840515,1,657.3969791,8,0,1,0,0
0,0.887977753,80.97569406,16.73050806,1,663.722953,12,0,0,1,0
0.157659271,0.853750795,4.076341535,22.91285659,1,2294.510018,19,0,1,1,0
0.105605575,0.847859375,45.44246768,21.7417087,1,3012.352491,10,0,0,1,0
0,0.834116663,24.83808329,18.40881236,1,3223.03188,22,0,1,1,0
11.45484181,0.700406088,22.04576038,21.85105945,1,2737.996973,15,1,1,1,0
16.95046629,0.924233322,7.617403544,14.64904219,1,3101.385745,22,0,0,1,0
1411.333772,0.384342231,0.37118028,182.2898821,0,54.64295225,5,1,0,0,2
4.117179516,0.720250764,117.4752844,20.73467649,1,1170.742517,14,1,1,0,0
24.64725133,0.877509149,43.85932819,22.97745449,1,762.9956902,18,1,1,1,0
17.36093175,0.95982869,15.87038189,24.64122846,1,849.3831354,6,0,1,0,0
1480.510546,0.064646424,273.3356631,169.8763878,1,78.46606012,20,3,0,0,1
10.94754342,0.815306512,17.20417342,18.68626626,1,3471.537569,19,0,0,1,0
10.6976728,0.740282455,22.42295886,19.95943399,1,3466.175599,7,0,0,0,0
24.0941664,0.885119955,7.799735376,21.68978764,1,1894.124704,14,0,1,1,0
15.14370065,0.846288343,0.401560266,23.23003094,1,767.3514544,21,0,1,1,0
5969.498044,0.116978184,273.3356631,150.0111974,0,85.53214246,13,2,0,0,1
11.58544273,0.967064501,27.53711282,18.92966151,1,3168.404985,8,0,1,1,0
0,0.742855086,4.190927899,20.16203507,1,993.3461639,22,0,0,0,0
0,0.900571794,5.731799062,22.45752824,1,524.2050037,14,1,1,0,0
0.705944589,0.703647031,3.691201332,16.20617371,1,759.7231649,9,0,0,0,0
0,0.986814143,6.941815497,20.99711993,1,2790.300752,6,0,1,0,0
25.13387248,0.730770389,12.47378034,26.44037862,1,1462.897383,9,0,0,1,0
0,0.792942063,36.54623861,20.04391827,1,3294.629394,17,0,1,1,0
5.155790476,0.909162815,21.90491166,21.45781838,1,2163.918891,20,0,1,1,0
0,0.71347339,34.91256467,28.32675959,1,3075.568067,15,0,1,0,0
19.51143608,0.908245172,32.48176649,17.55863079,1,369.692107,11,0,1,1,0
20.03992989,0.916642971,42.1490818,23.51713958,1,1965.066158,19,1,1,1,0
3288.522435,0.07848626,0.37118028,95.84057767,1,88.24866447,13,4,0,1,1
2.113413611,0.952434266,13.01589129,23.75549727,1,3447.800499,7,0,0,1,0
23.00940433,0.837899461,18.21631242,26.55846725,1,3455.002397,21,0,1,0,0
11.10585745,0.91418579,49.09273709,8.9082612,1,535.7086324,16,0,0,0,0
9.725974824,0.92983478,54.77846223,17.26979101,1,581.2510354,15,0,0,1,0
20.73986763,0.926279492,12.09785175,11.84332445,1,962.2408097,15,0,1,1,0
6.281044149,0.713169983,20.97562843,18.27417647,1,1995.329487,7,0,1,0,0
6188.418105,0.123903425,273.3356631,86.14577188,0,7.247498415,20,3,0,1,1
7588.914348,0.118409821,273.3356631,80,0,50.21227353,15,1,0,1,1
3716.40771,0.338862983,273.3356631,295.7054608,1,80.5862958,7,2,0,0,2
6776.932474,0.186348523,273.3356631,127.1504083,0,86.71720469,14,3,0,0,1
5025.631839,0.232365559,0.37118028,161.9368963,0,59.15544125,23,3,0,0,2
0,0.722675084,12.90104816,21.13747938,1,2557.248571,17,0,1,0,0
1127.607412,0.109012468,273.3356631,278.6376195,1,66.42530841,23,1,0,1,1
834.1747371,0.245617443,0.37118028,158.8954196,0,55.00799717,16,1,0,0,1
21.77700814,0.733991051,6.106806714,13.7772875,1,3555.457411,12,0,1,1,0
23.46707326,0.878539502,10.02036938,25.37166502,1,1633.786559,6,1,1,1,0
0,0.838467242,1.889238953,19.20923078,1,2618.809441,15,1,1,0,0
6.04201104,0.911109934,3.768863507,27.13652682,1,2436.483871,22,0,1,1,0
15.31844539,0.936679742,12.71628744,17.5251726,1,795.5973457,14,0,1,1,0
0,0.987274305,28.49495537,21.52621563,1,2640.851937,7,0,1,1,0
0,0.937152938,50.75274046,23.65977751,1,1954.272805,6,1,1,1,0
7412.955654,0.300719578,273.3356631,149.1068923,1,77.68530196,8,3,0,0,1
1.907876241,0.863508076,0.43896704,25.28684153,1,2104.517925,19,0,1,1,0
9.735924306,0.723117484,25.48080505,17.23539581,1,1130.08254,6,0,0,0,0
2.024364966,0.854156339,38.6005277,19.87883583,1,2205.745395,21,0,1,1,0
0,0.722681512,19.51762399,20.07074632,1,3615.013154,6,0,1,1,0
2121.746708,0.237987343,273.3356631,194.3901968,1,38.39197532,22,4,0,1,2
1.371614396,0.816294642,10.72869101,23.31025917,1,968.0590759,10,0,1,1,0
2.050503217,0.785727497,2.486667497,6.875914718,1,1052.901055,9,0,1,0,0
0,0.852223582,0.248105923,23.09443149,1,1044.574111,12,0,0,1,0
2048.848737,0.39663911,0.37118028,80,0,78.891662,13,1,1,1,2
0,0.947793464,16.90142025,14.38252983,1,3016.854518,12,1,1,1,0
8.417559758,0.901219694,20.12876835,10.74078634,1,3260.062437,19,1,1,1,0
22.2754317,0.844267044,29.03481366,27.40980384,1,2564.672978,21,0,0,1,0
18.82158991,0.856388814,23.95143111,20.8400767,1,1355.283572,9,0,1,0,0
0.798131829,0.913913815,4.076197593,17.09991834,1,1864.000756,11,0,1,1,0
5826.087782,0.245190937,273.3356631,200.4792984,0,14.83070046,8,3,0,0,1
2.509639604,0.808555928,3.218095557,16.11314258,1,1268.999846,12,1,1,1,0
5813.586899,0.171953103,273.3356631,107.2258652,0,60.82805887,14,3,0,0,2
1997.963893,0.044438884,0.37118028,215.6736581,0,78.38186137,17,4,0,0,2
4476.856448,0.028325881,0.37118028,175.7830315,0,10.14996199,21,1,0,0,1
2.311113094,0.84666935,12.38846943,27.54565507,1,1829.222462,13,1,1,0,0
4.228982906,0.961819075,2.220899256,23.27487792,1,2864.904654,20,0,1,1,0
0,0.908378628,22.29830806,18.47194693,1,756.8074427,17,1,1,1,0
0,0.982922751,29.06765204,19.67655697,1,3611.797312,22,0,0,1,0
8.991361144,0.916812087,39.28712411,17.19619547,1,2311.306635,17,0,1,0,0
5.970775493,0.884795635,25.08067061,22.48436795,1,2492.102528,17,0,1,1,0
7900.974456,0.364701733,0.37118028,164.4075021,0,88.82615068,16,4,0,0,1
5.405916912,0.786289819,0.100709653,20.3784747,1,2765.280553,18,0,1,1,0
22.94557864,0.950644068,6.376859991,25.2890709,1,509.1493753,18,0,1,1,0
0,0.719201904,27.27652003,20.34684901,1,3026.310198,15,1,1,0,0
6088.495614,0.04504286,0.37118028,80,0,1.398870706,20,1,1,0,2
5.519458858,0.711271327,21.73315681,20.09672035,1,1998.194517,18,0,1,1,0
15.09817089,0.803602586,22.25397246,18.00060881,1,1517.954925,6,0,1,0,0
1547.317477,0.13134083,273.3356631,120.8438584,0,56.83187779,11,2,0,1,2
2187.802993,0.240049576,273.3356631,128.9434883,0,89.04380524,13,4,1,0,2
0,0.819104512,51.87753834,18.05878473,1,1041.339816,7,0,0,1,0
9.129314543,0.84135037,47.99897237,21.77834474,1,2901.898924,7,1,1,1,0
10.50052099,0.739514509,70.03757522,19.68675889,1,1571.15222,9,1,1,1,0
0,0.943530936,11.90378364,25.96367583,1,521.961783,8,0,1,1,0
7.789941622,0.799736847,31.30485451,20.74438402,1,1288.327714,10,0,1,1,0
0,0.951372512,54.55153338,31.9718095,1,466.2588724,21,0,1,1,0
3288.950865,0.213403434,273.3356631,83.1162907,0,1.153509168,9,2,0,0,1
0,0.902239089,0.1,15.07732975,1,2789.82523,14,0,1,1,0
0,0.982203774,36.12459867,22.56807232,1,2079.214425,6,0,1,0,0
1782.581408,0.354693757,0.37118028,136.1832352,0,28.81298567,19,4,0,0,2
10.52489954,0.88746223,10.64123102,23.09869392,1,2682.556502,6,0,1,1,0
8.740565698,0.985426966,19.08901801,23.17983875,1,509.0369105,18,0,1,1,0
5164.114729,0.131926324,0.37118028,178.5470497,0,25.55710722,18,4,0,0,2
7.493836837,0.954118248,3.711500101,22.05275043,1,892.9433521,8,0,1,1,0
19.79944139,0.711016409,26.45334043,28.99362509,1,1482.632537,14,0,1,1,0
19.43764604,0.718660968,20.01895791,14.60078776,1,1133.879791,16,0,0,1,0
0,0.824969749,21.20153978,22.36703708,1,1832.539341,9,1,1,1,0
8.992231226,0.928302377,29.0645386,15.7191508,1,1959.06466,18,0,0,1,0
0,0.742778243,32.22538048,25.89256345,1,1911.631938,7,0,0,1,0
0,0.85677298,62.63945878,16.56860432,1,2570.235031,13,0,1,1,0
4.758749129,0.870813208,7.075744103,18.95765895,1,2545.007208,9,0,1,1,0
26.43944089,0.955184817,10.04175369,13.04889037,1,1020.915089,21,0,0,0,0
9.082527557,0.926028377,4.499001859,16.63757202,1,2063.732403,22,0,1,1,0
3047.859079,0.183507316,0.37118028,139.029384,0,83.47744323,3,4,0,0,2
939.4316578,0.185512239,0.37118028,155.1558791,0,3.312424142,15,1,0,0,1
0,0.800683136,34.62288912,19.42679582,1,1694.287541,17,0,1,0,0
1567.14664,0.191150922,273.3356631,98.18354016,0,31.79155141,22,2,1,1,2
5092.350386,0.323641287,273.3356631,101.5758177,0,62.19652717,20,1,0,1,1
740.8981705,0.171337118,273.3356631,112.441639,0,69.38448435,9,1,1,0,1
9.400144501,0.809704224,10.07188306,17.01794296,1,494.0740398,17,0,1,1,0
22.49576743,0.80021499,16.14352576,22.65487831,1,3124.394163,21,0,1,1,0
0,0.983936954,74.19583175,12.77397368,1,1206.029554,17,0,1,1,0
7.575503907,0.834583189,5.891407407,15.02425759,1,2348.459208,11,1,1,1,0
3690.733957,0.056731531,273.3356631,149.9695759,1,89.79496346,20,3,1,1,1
0,0.901889987,25.79712481,20.55267659,1,2837.708648,12,0,1,0,0
10.6390912,0.92033318,12.17171451,16.4604453,1,2677.431951,13,0,1,0,0
0,0.831298398,1.537187652,23.78244177,1,984.6569295,22,0,1,1,0
13.20482181,0.90326268,0.33064516,13.06065725,1,2472.589253,17,0,0,1,0
0,0.803557663,10.5835853,23.9200139,1,2248.920444,11,0,1,1,0
19.7654035,0.730541105,4.239487325,14.81466963,1,1305.246849,11,0,1,1,0
10.41462728,0.947422971,64.42649386,20.96298459,1,652.6824394,13,0,1,1,0
6393.366128,0.177148202,0.37118028,117.0337933,0,39.57089548,19,4,0,0,2
7097.903998,0.287295198,273.3356631,146.1567296,1,26.43009714,10,2,1,0,1
11.8189149,0.859281304,31.7958666,17.56147314,1,994.043385,12,0,1,1,0
815.3359706,0.044420978,0.37118028,160.0016894,0,17.6588962,3,4,1,1,1
0,0.946653966,40.94018461,22.10349816,1,516.3372224,19,0,1,1,0
15.29155637,0.897562155,33.98061681,11.28889154,1,3007.36995,12,0,1,1,0
6.503017615,0.807614658,7.419570634,11.63553049,1,3287.825433,13,0,1,1,0
0,0.932163897,17.11324782,14.50689787,1,1569.404845,12,0,1,1,0
2.474318486,0.927025452,0.463932099,17.21940627,1,3316.890851,19,0,1,0,0
13.21902504,0.961996875,4.863781793,13.42092092,1,1697.771883,13,0,1,1,0
4602.711098,0.074604405,273.3356631,253.0211349,1,79.34592241,14,1,1,0,1
0,0.728157185,35.21478536,23.16830512,1,1012.942158,12,0,1,0,0
0.308243479,0.733216178,20.30430382,12.91886472,1,1854.472318,6,0,1,1,0
5.130018919,0.837456066,0.759468995,15.71750881,1,2844.953393,14,1,0,0,0
15.78680833,0.869222209,21.08103438,24.30718263,1,1906.248075,21,0,0,0,0
2649.944363,0.395193058,273.3356631,224.927318,0,42.76280018,14,1,0,1,1
2595.818167,0.06906296,273.3356631,239.0842393,0,11.96975018,15,4,0,0,1
11.77925871,0.807065793,12.00340304,9.476252471,1,1651.199372,7,1,1,1,0
0,0.721513567,66.85743125,26.77786468,1,3084.733476,8,0,1,1,0
3.143410233,0.749444445,19.7405597,21.66303755,1,471.7184701,8,0,1,1,0
14.19076483,0.974364599,8.158477604,27.67241051,1,606.6556186,18,1,1,1,0
0,0.733453664,35.12464293,23.28881588,1,1418.377149,20,1,1,0,0
1359.799577,0.008409923,0.37118028,107.2687679,0,11.92386487,22,1,0,0,2
1069.702152,0.167861898,273.3356631,80.30911761,1,7.203989436,1,3,0,1,2
5.69802085,0.861610539,21.00304143,12.5049202,1,2244.952331,6,1,1,0,0
7.08863595,0.831821497,18.68395505,14.28490344,1,2867.954424,16,0,1,1,0
1712.542517,0.388816838,0.37118028,90.46270996,0,14.2730246,11,4,0,0,2
4.672467298,0.842663811,25.76188737,15.07672608,1,3428.74901,15,0,1,0,0
542.3907863,0.376286832,0.37118028,164.7209489,0,71.31974659,13,1,1,1,2
7743.436476,0.067889376,273.3356631,178.145533,0,88.66586756,15,2,0,0,1
0,0.937942862,9.088464995,17.4381288,1,3240.568243,16,1,1,1,0
3489.810014,0.391699311,273.3356631,94.79871833,0,18.81966329,20,3,0,0,2
21.65474444,0.726581414,2.535201635,24.97223688,1,3346.016534,17,0,1,0,0
13.56398794,0.720687405,44.7240118,22.43780149,1,3259.932753,11,0,0,1,0
6.940899929,0.790874719,27.075043,18.49767026,1,1778.589466,18,0,0,1,0
3.9296964,0.967756987,1.237179046,19.43259677,1,888.6121965,9,0,1,1,0
0,0.963127174,31.55648555,11.27146284,1,1176.28138,22,0,1,1,0
0,0.769715297,8.781772245,15.49664309,1,2909.800599,10,0,1,1,0
1251.269947,0.045370971,273.3356631,197.4648249,0,11.59990513,12,3,0,0,1
2721.91815,0.249403124,0.37118028,188.1834075,0,74.96651225,4,3,0,0,2
0,0.921360856,8.808902847,17.01685471,1,2731.295118,21,1,0,1,0
0,0.961826152,38.14258807,19.47828604,1,1900.367397,22,0,0,1,0
14.16327675,0.856753054,42.30754734,21.45473682,1,1491.645017,10,0,1,1,0
19.53384477,0.911157127,7.574237914,29.24681071,1,1700.800991,20,0,1,1,0
5945.795513,0.219148324,0.37118028,101.1317941,1,18.06123513,9,1,0,0,2
6.093947946,0.926864084,39.32224042,21.04767115,1,1500.362255,9,0,0,1,0
3.076390352,0.908685444,19.08002115,17.07036163,1,1586.483837,21,0,0,1,0
6.156746343,0.772568148,49.72903593,20.9742117,1,2095.59439,18,1,1,0,0
2330.475883,0.025694099,0.37118028,89.57588979,0,79.1367992,9,3,0,0,1
0,0.829844801,130.0585807,18.73161961,1,503.6285393,22,0,0,1,0
9.134349032,0.906482271,28.26460901,10.79051114,1,1775.736342,17,0,1,1,0
6576.543871,0.324462505,0.37118028,95.56825785,1,37.5650428,18,3,1,1,2
10.13267433,0.919921389,1.653207777,22.91368792,1,3071.499614,11,0,1,1,0
0,0.930270289,36.28639993,19.83037387,1,395.5843052,6,0,1,0,0
7415.694902,0.381606322,0.37118028,161.1997484,1,4.203094769,4,4,0,0,2
4309.206571,0.084629123,273.3356631,136.5689188,1,79.93698327,22,3,1,0,2
15.53641797,0.85018728,0.964528525,22.92649718,1,2791.100745,13,0,1,1,0
0,0.979526116,70.57234764,19.4459372,1,2885.3617,6,0,1,0,0
28.1932954,0.76078979,19.35006407,24.13557714,1,1931.918442,19,1,1,1,0
0,0.946895142,5.314816947,14.85094076,1,2868.277489,11,0,0,0,0
0.342702464,0.930766944,0.1,21.06369888,1,2642.821804,8,0,1,1,0
0,0.826764528,4.917574684,14.24423132,1,3614.78462,9,1,1,0,0
26.33033375,0.932683555,2.120551917,29.27751657,1,1455.622306,11,0,0,1,0
0,0.967767468,3.940930238,23.33134836,1,2502.969817,6,0,1,0,0
0,0.792936358,1.927901755,23.98997275,1,2816.640874,11,0,1,1,0
7209.041392,0.219995366,273.3356631,156.0395116,0,37.44516877,22,4,1,1,1
1.390338342,0.873183709,3.800041316,17.02232532,1,2412.121415,11,0,1,0,0
4046.033481,0.237308437,273.3356631,150.1791301,0,10.54398636,1,1,0,0,1
3566.327463,0.125551749,273.3356631,91.40330354,0,60.41704345,4,2,1,0,2
9.442633115,0.847697644,41.75889495,25.18151446,1,1785.556093,21,0,1,1,0
0,0.9551044,0.983199597,17.11039612,1,2151.638971,13,0,1,1,0
11.56553609,0.876330808,24.27912447,18.37194474,1,3009.316049,6,0,0,0,0
11.48709888,0.992804147,13.339683,24.72605767,1,675.6175926,21,1,0,0,0
1240.767885,0.33904455,0.37118028,140.7561622,0,26.33811923,10,1,0,1,1
0,0.837771963,21.94914102,10.45998931,1,1842.606109,10,1,1,1,0
3.529426185,0.862238126,39.73453511,14.4886513,1,1803.112153,12,1,1,1,0
5715.553614,0.075269858,273.3356631,159.2059699,0,77.526781,15,1,0,0,2
15.47098303,0.807136348,65.50131532,15.18674494,1,2631.897539,21,0,0,0,0
12.55391226,0.914209793,43.18123095,25.63890125,1,377.0109828,17,0,1,1,0
0,0.832763654,14.72271582,22.82421179,1,2097.694483,10,1,1,1,0
6.979107835,0.768603034,22.82352658,23.13306819,1,3305.186226,10,0,0,1,0
0,0.767808699,7.60216021,19.37412786,1,2894.363336,10,0,0,1,0
5296.653698,0.029072862,0.37118028,207.749878,1,68.33762235,13,2,0,0,2
6.220098146,0.78430135,0.986178811,15.17899964,1,1234.921617,15,0,1,0,0
5.340834683,0.780560127,42.89854689,15.73806617,1,3325.368492,17,0,1,1,0
10.43298029,0.71555074,19.41788374,16.7316043,1,2582.801675,19,0,1,1,0
883.4872858,0.302532715,0.37118028,92.51292723,1,6.929365776,0,3,0,0,1
5425.420298,0.173768055,0.37118028,161.3146134,0,75.19107272,12,1,0,0,2
10.43360192,0.700469532,2.325792879,17.61294647,1,2478.469547,12,0,0,1,0
5.675282047,0.939614257,2.671623634,20.80244812,1,561.3190707,18,0,1,1,0
4.81486864,0.805712484,1.407994506,10.12256114,1,1147.24011,9,1,1,1,0
8.933178394,0.876275761,20.27130222,20.78987156,1,2474.883767,11,0,1,1,0
18.90207549,0.774512878,5.244530987,18.07163685,1,3439.740878,19,0,1,1,0
5643.908693,0.139597974,0.37118028,180.8714315,0,86.13745053,7,4,0,0,2
0,0.837779559,2.072660732,22.53120495,1,3083.604299,21,0,0,1,0
0,0.755599054,0.98120589,21.48622137,1,2978.363327,12,0,0,0,0
18.66874267,0.721279665,11.94562364,21.15921046,1,1439.217235,22,0,1,0,0
2.631813933,0.715677364,0.95319296,14.46421592,1,2275.519332,15,0,0,0,0
7.191503277,0.992258333,12.52489499,19.71304648,1,1983.786721,7,0,1,1,0
3.529979984,0.730411869,61.35911398,13.24722018,1,1058.819129,22,0,1,1,0
6631.236924,0.35073911,0.37118028,128.2144584,0,71.34695728,10,4,0,0,1
6.975996047,0.703630935,16.54593707,19.82724688,1,2127.659354,12,0,0,1,0
4842.024196,0.180534413,273.3356631,206.1101667,0,30.26614117,13,4,0,1,2
1.723378534,0.935137535,39.08867686,8.419280685,1,3402.503532,14,0,1,1,0
15.49552715,0.869525594,24.37169626,23.18662342,1,2499.802983,9,0,1,1,0
4.530794211,0.849261956,12.31835748,27.03467373,1,1244.96472,9,0,1,1,0
12.27629544,0.827568456,13.60783273,27.96334999,1,1673.252022,14,0,1,1,0
6025.626657,0.101071851,273.3356631,140.6781792,0,56.92193651,7,2,0,0,1
15.85895566,0.759781101,19.19255777,28.74068535,1,602.6935917,13,0,0,0,0
8.261330222,0.872058685,59.17965067,23.77366649,1,2193.789908,13,0,1,1,0
3165.047812,0.148566765,273.3356631,111.3109711,0,87.85450707,3,3,0,0,1
22.97686527,0.983110478,3.219838114,21.93191327,1,2299.241737,9,0,1,1,0
7.322536972,0.935695485,25.85692272,26.51639019,1,1187.428427,6,0,1,0,0
8.464884759,0.716390326,2.006031026,24.78919816,1,819.1366831,15,0,1,1,0
6956.978619,0.005463953,273.3356631,267.4554279,0,62.459185,11,4,1,0,1
1250.485037,0.381955884,0.37118028,91.07136076,0,3.584451657,5,3,0,0,2
0,0.932603845,14.00611568,14.33607524,1,3278.241607,21,0,1,0,0
8.384964075,0.811351727,20.64110391,29.28323718,1,3497.916413,14,0,1,1,0
0,0.967927062,9.440532491,18.41324754,1,425.3072914,20,1,1,1,0
0,0.72050596,9.804652821,17.1907895,1,751.1755634,11,1,0,1,0
4.011103468,0.924515305,17.30269715,9.043730744,1,3534.008223,22,0,0,1,0
3056.873069,0.31889583,273.3356631,174.9055998,0,83.89089468,21,2,0,0,1
10.58326913,0.704533205,3.425462504,11.55747406,1,1804.810927,22,1,1,0,0
0,0.854971789,6.411093054,21.03801676,1,3511.962175,19,0,0,1,0
0.790155192,0.713121722,8.558212558,17.52060914,1,3213.594816,17,0,1,1,0
18.75706813,0.852667167,19.41547029,26.01225624,1,2758.50079,17,1,0,1,0
15.50654396,0.970582059,72.15470109,21.47485728,1,3101.055459,13,0,0,1,0
0,0.782850867,12.60044409,18.63727639,1,2898.473518,10,1,1,0,0
2.610519531,0.826548454,14.03586463,17.42608663,1,1980.359143,9,0,1,1,0
0.731189301,0.746243513,27.63817281,24.64704992,1,3208.643944,20,0,0,1,0
4319.339379,0.185531893,273.3356631,80,1,14.56421588,7,1,0,1,1
1035.252604,0.194198356,0.37118028,138.7138684,1,7.193674418,12,3,0,1,1
5664.719674,0.042862679,0.37118028,80,0,71.0520008,20,3,0,1,2
0,0.918694318,5.978081605,23.65479488,1,1102.753127,12,1,0,1,0
9.296182191,0.781422814,9.769635859,21.75185108,1,1607.871806,20,0,1,1,0
4.652882303,0.885876801,34.91130374,26.26421317,1,1093.545631,16,1,1,0,0
0,0.7232948,26.01305832,8.141703196,1,2119.308632,8,0,0,1,0
4666.317338,0.268105475,273.3356631,143.3110314,0,62.30911711,17,1,1,0,2
1.507422957,0.822823622,20.64815115,25.92128323,1,1574.850611,16,1,1,1,0
0,0.989814252,90.82816121,24.25039666,1,1242.784507,18,0,1,0,0
12.51933033,0.727897192,33.43936466,10.15538429,1,628.0082773,21,1,1,0,0
5.139292919,0.887021787,11.22094513,12.57971668,1,2131.318642,8,0,0,1,0
1734.910162,0.324813317,0.37118028,231.4659259,0,65.01489703,12,3,0,0,2
0,0.862511444,0.796902516,17.38134349,1,622.9915576,13,0,0,1,0
0,0.951112338,11.14481194,22.96283637,1,2197.633118,15,0,0,0,0
0.599555133,0.963874556,43.7067849,28.07389395,1,656.620182,15,0,1,1,0
5.59218434,0.964094429,22.71154846,17.8484534,1,1838.758063,18,0,1,1,0
0,0.76761438,3.468864657,18.50409114,1,2516.3699,7,0,1,1,0
27.98898124,0.848144212,32.14136566,12.24243875,1,3433.14867,14,1,0,1,0
7.858653907,0.913962065,21.64795033,12.08205805,1,900.13522,18,0,1,1,0
0.39361229,0.958410999,22.3316575,20.89347358,1,1246.323453,16,0,1,1,0
0,0.905540293,24.89607197,19.29235181,1,2823.412694,21,0,1,1,0
4319.086889,0.01130588,273.3356631,111.2865039,0,32.2859957,7,3,0,1,1
0,0.886702979,8.035956559,16.3351555,1,2349.711387,8,0,1,0,0
0,0.704408017,23.56104226,17.05443934,1,2731.426004,10,0,0,1,0
14.7255445,0.894345234,13.3280909,24.38084584,1,3067.767398,9,0,1,0,0
26.45149128,0.812176314,11.98725373,31.71827026,1,945.4014021,20,0,1,1,0
6337.967108,0.132676101,0.37118028,162.2617924,1,55.52749915,0,1,0,1,2
2.658466253,0.898090816,4.194923738,17.51533987,1,2195.572272,19,1,1,1,0
0,0.915499353,1.409220902,5.838370375,1,1433.999052,10,0,1,1,0
2402.726225,0.251273042,0.37118028,143.2332883,0,37.9199298,12,1,0,0,1
0,0.799064519,4.464058493,21.89819824,1,1713.81672,15,0,1,1,0
4858.296835,0.347924946,0.37118028,90.12338444,0,30.5634379,4,4,0,0,2
5660.854072,0.2442571,0.37118028,95.60534939,0,46.37013918,6,1,0,1,2
4.108799605,0.734479899,168,18.47190444,1,3029.4785,7,0,1,1,0
5.596303699,0.843070032,2.159037382,9.913306009,1,2623.230088,17,0,1,1,0
0.71884839,0.721347486,1.448407111,21.7848638,1,1209.560654,13,1,1,1,0
0,0.893244766,23.18351927,22.72110176,1,3361.756233,6,1,1,1,0
3071.690685,0.220118209,273.3356631,195.7826902,0,65.43558919,9,2,0,0,2
4.79098406,0.742213458,9.801310814,21.89576559,1,1589.178672,14,0,1,1,0
3.41470427,0.778070979,26.96643707,17.73292946,1,2801.280234,6,0,1,1,0
2404.130082,0.001857793,0.37118028,176.0614995,0,65.32272775,10,1,0,1,2
13.13509636,0.964724911,5.681442331,13.60484632,1,2798.801334,14,0,1,1,0
7.969846732,0.979933999,1.922288421,17.24724034,1,3326.858589,14,1,0,1,0
20.94505063,0.976298356,18.69487402,33.77608872,1,643.0711555,7,0,1,0,0
13.94924377,0.935127953,4.677576699,22.39680477,1,3617.881026,10,0,1,1,0
13.29405581,0.946726712,12.24057407,18.71829661,1,2141.415099,14,0,1,1,0
8.240839694,0.926512579,28.26947132,32.42594958,1,3261.172122,9,1,0,1,0
582.2273985,0.040176167,0.37118028,80,0,25.33116871,16,4,0,0,2
5.184339331,0.788385819,23.39654886,21.38300383,1,3260.680917,17,0,1,1,0
0,0.91076215,20.69502822,21.9368574,1,2374.288894,10,0,1,1,0
15.39904687,0.774987084,34.84392624,18.81158342,1,1010.309721,13,0,1,0,0
8.649610025,0.9137864,65.94941232,18.71859588,1,3158.293671,19,0,1,0,0
18.84272819,0.935861696,1.260114496,13.02275748,1,3090.379901,7,0,1,1,0
2.249483028,0.923078175,4.573213991,18.52878747,1,3349.127202,6,0,1,0,0
0,0.749724934,40.17208373,22.44627268,1,2153.555476,17,0,1,1,0
0,0.82053364,43.04700652,23.02803116,1,3111.649652,13,0,0,1,0
17.37816312,0.975422966,4.846023552,24.78351593,1,1948.042049,6,0,0,0,0
4.497618906,0.818372823,1.973506801,19.52587884,1,1625.018879,15,1,1,1,0
5.96995965,0.890401382,86.75440399,19.53527897,1,1609.870164,21,1,1,0,0
0,0.85909064,53.16198977,21.82070148,1,3263.819314,10,0,1,1,0
0,0.785735067,33.50237245,19.90063182,1,477.6686058,13,0,1,1,0
0,0.829623065,13.44644603,24.3615769,1,3372.142222,12,0,1,1,0
5.287448229,0.705265709,53.05859656,18.90566874,1,1047.701319,19,1,1,1,0
2910.274668,0.196456388,273.3356631,134.0849493,0,41.84357066,11,4,0,1,2
0,0.750085927,117.6916375,25.81419289,1,2975.467602,8,0,0,0,0
4780.578063,0.164135038,0.37118028,198.306983,0,74.72074421,0,3,0,1,1
3.57620515,0.988843107,38.35591273,21.49823844,1,2173.541313,6,0,1,1,0
15.7363175,0.719708458,27.31892723,14.97199312,1,1267.406033,16,1,1,1,0
1.154444558,0.806431388,1.373071693,15.1687684,1,1718.244412,12,0,1,1,0
0,0.820861985,0.272805496,24.19831932,1,3471.875793,16,1,1,1,0
2805.966298,0.136480829,273.3356631,214.4565918,0,59.18727892,17,4,0,0,1
16.487657,0.78474882,40.33253546,20.631571,1,1480.785138,12,0,0,1,0
18.6414043,0.949849113,27.67219245,20.46489623,1,1660.410666,17,0,1,1,0
1.654987642,0.845408886,26.95854674,20.87768115,1,2641.105635,13,0,1,1,0
2963.817908,0.22538819,0.37118028,167.9458792,0,54.31011807,9,2,0,0,1
0,0.863349088,24.78486211,21.92101036,1,3421.523653,16,1,1,0,0
10.59790448,0.946760438,2.09328952,26.84850554,1,3189.271542,22,0,0,1,0
1317.28722,0.111168804,273.3356631,128.9208844,0,57.90578885,12,2,0,0,2
13.81639757,0.70229921,0.733591151,14.52240306,1,637.3743999,12,0,0,1,0
7.930724733,0.735500857,38.17966961,22.930829,1,2563.701143,12,1,1,0,0
18.2915253,0.772567988,2.394767187,26.4563692,1,1972.425225,15,1,1,1,0
16.89016531,0.897206045,115.7680308,20.00662844,1,1920.233757,17,0,0,1,0
13.17766299,0.704123666,54.45372635,13.32694697,1,2312.954896,16,0,1,0,0
0,0.948012208,39.65700879,18.56602882,1,365.7917004,11,1,1,1,0
12.1299843,0.760966927,18.18671069,19.46367617,1,1999.504584,22,0,0,1,0
4591.16111,0.126778115,0.37118028,171.5181321,0,47.31638006,19,1,1,0,1
1.48486516,0.782614352,64.36136458,16.86842362,1,1921.345266,7,1,1,0,0
541.9561691,0.062367404,273.3356631,80,0,12.26089535,15,4,1,1,1
8.142473326,0.932390134,0.463543016,15.87173159,1,3180.081177,6,0,1,1,0
0,0.8810463,5.205172667,24.11639958,1,2609.231725,11,1,1,1,0
0,0.911638249,4.007526835,21.43387056,1,3432.135207,20,0,1,0,0
1.908835358,0.904033566,32.54035574,21.05698284,1,2406.510628,6,1,1,0,0
5944.765845,0.017424272,0.37118028,210.7472053,1,76.10576194,0,4,0,1,2
8.772118751,0.98733694,24.10402265,21.09651169,1,467.5365457,12,1,1,1,0
12.85800159,0.988188093,3.296150882,25.73013788,1,2140.907116,15,0,1,1,0
3300.981626,0.164490945,273.3356631,214.9935622,0,68.68467839,17,2,0,0,2
0.534850479,0.986984386,41.88833649,14.11913332,1,622.9049179,20,1,1,1,0
12.01172742,0.730754789,10.45363252,23.91314913,1,2026.583296,20,0,1,0,0
2.528226175,0.994353351,14.04601332,25.48034954,1,762.3557755,19,0,1,1,0
1871.703292,0.348509163,273.3356631,136.871217,0,77.23601554,9,3,0,1,2
4595.18445,0.246591743,0.37118028,206.6463194,0,68.23538903,5,1,0,0,1
0,0.84567691,6.164581633,17.05053841,1,881.9656513,17,0,1,1,0
11.25667348,0.918381792,6.693988392,18.08591405,1,968.8253419,22,1,1,0,0
0,0.971842976,15.01215173,13.33611301,1,1381.275726,7,0,0,0,0
0,0.853800318,9.169573811,25.3518258,1,2890.390334,14,1,1,1,0
1417.165409,0.15667791,273.3356631,103.9088172,0,59.46349788,7,3,0,1,2
7587.87915,0.005964106,273.3356631,138.8166714,1,6.635412981,9,3,0,0,2
3578.698359,0.316029651,273.3356631,185.6252221,0,68.27279945,2,3,0,0,1
816.1281272,0.258366611,0.37118028,80,1,5.632663455,8,4,0,0,2
0,0.792811815,4.931209089,16.26538357,1,1750.528385,13,0,1,1,0
3772.633957,0.06017942,273.3356631,248.1776417,0,8.781510077,19,4,1,1,1
8.465038817,0.84290072,20.91945635,19.35670277,1,1801.031525,20,0,1,1,0
10.76556963,0.841748007,35.56317135,27.79394592,1,3352.992293,13,0,0,1,0
9.738329209,0.815149886,7.358625171,18.79667413,1,2358.906687,9,0,0,0,0
0,0.779282879,31.50148871,24.83913012,1,2502.242429,16,0,1,0,0
9.40474738,0.939004419,17.54345217,14.06831786,1,2711.763141,13,1,0,1,0
0,0.88450389,2.094060037,22.22386904,1,1812.38123,17,0,1,1,0
3748.058789,0.249037519,273.3356631,201.5219393,1,19.76812781,3,4,0,1,2
5.768218911,0.877339091,3.254835975,24.77634619,1,3227.330851,21,0,1,1,0
1290.004207,0.391695267,0.37118028,80,0,4.17105179,7,2,1,1,1
10.77072127,0.883772041,9.040798465,15.7682014,1,2658.161745,12,0,1,1,0
4002.255569,0.366808685,273.3356631,160.7055491,0,39.0399457,6,1,1,0,1
6.980847608,0.886198144,2.685814321,26.03304077,1,2940.347529,20,1,1,1,0
3022.765339,0.258722264,0.37118028,150.4613496,0,22.78815587,8,3,1,0,2
9.241659464,0.954412627,31.44371602,30.77464339,1,2633.671301,22,0,0,1,0
2812.66303,0.162745643,0.37118028,159.1140112,0,49.55611686,17,2,1,0,1
3372.992571,0.095843933,273.3356631,225.9668176,1,52.63948777,1,3,0,0,1
9.4770856,0.987380236,11.81305306,20.79044613,1,1666.770807,21,0,1,0,0
2835.542338,0.388022944,0.37118028,80,1,22.82546628,7,1,0,1,2
0,0.814126002,13.21185649,19.70292409,1,2851.052597,6,1,1,1,0
11.81500697,0.795276039,4.01082265,17.19221127,1,2012.235241,12,0,1,1,0
5540.63293,0.372224811,0.37118028,120.6652706,0,52.11890546,11,1,1,1,2
15.88950597,0.869599076,112.2120531,16.05330747,1,2128.582296,14,1,1,1,0
0,0.874726797,6.756102718,21.8667428,1,2047.210974,10,1,1,0,0
750.4490365,0.140730759,273.3356631,165.776147,0,7.87912089,11,4,1,0,2
0,0.998631255,15.0700871,19.2754771,1,2696.64389,22,0,1,1,0
7025.790938,0.302283969,273.3356631,139.8340857,0,88.50992738,1,2,0,0,1
5.320041491,0.806327485,13.3844179,31.38543249,1,2020.274697,15,0,1,1,0
11.79597749,0.804851912,11.83285428,16.35769189,1,2875.054002,21,0,1,1,0
0,0.883881875,28.61141801,24.10079093,1,2024.304601,16,0,1,1,0
0,0.986534562,48.6734552,17.97819004,1,1878.953795,21,0,1,1,0
13.83659937,0.772119674,1.537068585,17.11790212,1,1382.140496,6,0,1,1,0
17.00413908,0.903082235,33.39415653,23.57867121,1,1861.323069,16,0,1,1,0
0,0.88019532,7.919114813,21.21561729,1,3424.945921,9,1,1,1,0
7785.513865,0.245356171,273.3356631,184.7163191,0,63.24471905,0,3,0,0,2
1360.89709,0.028684208,0.37118028,240.5261239,0,74.42846305,4,4,0,0,2
1.251791925,0.815962152,13.42601135,14.61660436,1,965.9018118,12,1,1,1,0
2275.985259,0.395946994,0.37118028,188.1899886,0,77.15086366,6,2,0,1,2
0,0.790699975,25.63932093,19.49359641,1,3048.166219,8,0,1,0,0
1852.17598,0.171819649,273.3356631,157.1702981,0,59.96222171,1,4,0,0,2
0,0.716975697,9.092822252,25.90783858,1,2559.443902,15,0,0,0,0
14.81765487,0.956961167,6.172371069,19.24941524,1,995.3034108,18,1,1,0,0
7263.06257,0.303063047,0.37118028,96.08424667,0,36.34657249,18,4,0,0,1
5967.60066,0.1812059,273.3356631,255.8401527,0,17.3283186,5,2,0,0,1
6402.176079,0.33962835,0.37118028,80,0,43.15851077,3,2,0,0,1
0,0.917034345,31.83716241,20.01573863,1,2384.956403,13,1,1,1,0
6937.670414,0.392690887,0.37118028,178.4644662,0,10.03853771,13,3,0,0,1
14.38283806,0.714055573,10.75122658,25.86721138,1,2927.576018,10,0,1,1,0
4587.563118,0.143086706,273.3356631,170.0368627,0,82.14465604,8,4,0,0,1
0,0.755342876,9.415670173,19.17832397,1,3542.672846,20,1,1,0,0
8.427253464,0.889276537,19.10414263,22.72893357,1,2514.164537,7,0,1,0,0
0,0.865812123,24.89401364,15.77163448,1,3060.807526,17,0,1,0,0
19.0934744,0.90610578,4.079481903,13.33435823,1,734.9213184,14,1,1,1,0
6909.238767,0.303998863,273.3356631,101.5935701,0,49.16863589,12,3,0,1,2
7.237879516,0.813728215,32.99220466,15.32201851,1,1825.116728,9,0,1,1,0
20.7745328,0.707078489,30.10272086,18.84465261,1,3578.602048,12,0,1,1,0
0,0.890853209,41.40053859,20.90531371,1,612.7289981,11,1,1,1,0
3314.308494,0.068958457,273.3356631,128.2602653,0,72.01589171,16,3,1,0,2
687.5308464,0.254009826,0.37118028,230.8260827,0,51.00893117,10,3,0,0,2
0,0.739446736,8.970989224,6.846349316,1,3323.997134,18,0,0,0,0
14.64087168,0.880466164,1.189711579,15.12596712,1,1150.808424,18,1,1,1,0
8.308802322,0.88109116,28.26767143,16.14114021,1,1434.53402,9,0,1,0,0
634.0886303,0.181541302,0.37118028,116.329288,1,35.82364013,9,2,0,0,2
0,0.744666415,14.9775892,13.25976444,1,1979.020469,20,1,0,1,0
561.7718119,6.31E-05,0.37118028,144.6277559,0,9.566301908,18,4,0,1,2
2339.828735,0.086674657,0.37118028,122.6867995,0,52.92397374,10,4,1,1,2
0.406391005,0.829158802,21.68379461,19.97219853,1,2534.643035,9,0,0,1,0
3135.812551,0.359289408,273.3356631,128.8752052,0,29.4251864,21,3,0,0,2
6.255764535,0.979877459,23.95686597,5,1,2377.668072,11,0,1,0,0
11.11676289,0.918547203,54.2458109,19.24142783,1,2211.645516,6,0,1,1,0
8.464482095,0.826374416,11.58144376,15.57375657,1,394.8875255,16,0,1,1,0
5.469805938,0.973231048,84.09868167,16.55557229,1,3238.544136,20,0,1,1,0
2720.615669,0.125178247,273.3356631,159.1457282,0,12.48957514,6,2,0,1,1
10.13785951,0.741773611,10.72690182,13.14128435,1,2961.837201,12,0,0,1,0
2800.795635,0.352958614,273.3356631,163.701942,0,8.485798839,6,2,0,0,2
11.38730222,0.926274478,2.161662966,16.67288851,1,2194.148314,18,1,0,1,0
1452.92199,0.364825781,273.3356631,85.11358122,0,45.60971267,1,3,0,1,1
0.305256141,0.7246515,6.260232747,15.94499568,1,654.5472695,6,0,0,0,0
22.35963803,0.977858221,8.828119595,18.75692073,1,898.8072948,6,0,1,1,0
6605.389448,0.186799768,0.37118028,126.0237503,0,70.06167788,8,4,0,0,2
12.71698711,0.855009516,25.07490209,22.55078734,1,805.8549705,12,1,1,1,0
0,0.795083976,22.91633834,25.69777768,1,3335.013375,11,1,1,1,0
15.32465261,0.863629561,25.1025833,24.24805994,1,1475.325996,15,0,0,1,0
3.559124443,0.86327619,8.78117107,21.54523722,1,3126.978961,18,1,1,1,0
3.328819197,0.737665064,19.0654655,22.50415796,1,2856.293975,15,1,1,0,0
3827.34235,0.351766924,0.37118028,107.0300395,0,63.76181912,8,1,0,0,2
30.26932426,0.73731052,3.369166535,17.91284809,1,2565.797217,22,0,1,0,0
3983.021797,0.217557479,0.37118028,136.8883215,0,44.33772348,0,4,1,1,2
1943.974366,0.313481196,0.37118028,115.5335466,0,73.41360612,17,2,0,0,2
18.45420046,0.966521102,6.001216656,15.56115244,1,1602.822912,19,0,1,1,0
7.320499374,0.752128478,3.540303915,28.20307282,1,659.667519,9,0,1,1,0
6745.690013,0.240547051,273.3356631,102.7545639,0,74.82075094,22,4,0,0,2
0,0.749411906,43.59023138,22.14670411,1,1244.290816,17,0,1,1,0
7989.201864,0.059638271,0.37118028,80,1,56.78997229,5,4,1,0,2
10.29692754,0.724344754,58.61577372,25.3004487,1,1532.126478,21,0,1,0,0
2612.397573,0.321249666,0.37118028,220.2823799,0,63.20967463,6,4,0,1,1
7.504928503,0.89276956,28.58979228,21.58179161,1,3407.54396,18,0,1,1,0
0,0.890231209,38.80063316,18.99823711,1,428.7330919,13,1,1,1,0
1.642153007,0.777800469,85.09624171,17.0078121,1,3517.260205,10,0,1,1,0
7415.984941,0.391158395,0.37118028,110.6138783,0,1.761374541,8,1,0,0,1
1408.109737,0.172681191,273.3356631,136.6341488,1,69.35488843,19,3,0,0,2
5.865897875,0.970735992,4.898791076,31.74537893,1,1768.064386,19,0,1,1,0
781.1596765,0.272991626,0.37118028,122.9189618,0,87.29191261,14,3,1,0,1
20.65524029,0.982817296,21.60183252,23.95929655,1,3541.153333,7,0,1,1,0
21.87141635,0.70165174,10.15794977,21.53838327,1,2017.593492,16,0,1,1,0
6610.940012,0.388030648,0.37118028,102.3421248,0,44.4781335,3,1,1,0,2
7.81191424,0.703425395,43.85428651,23.26165169,1,1892.047955,13,1,1,1,0
0,0.879467588,57.22111096,14.78711153,1,1565.230074,12,0,1,1,0
6575.519812,0.268074187,0.37118028,99.21683846,0,17.6349486,22,2,0,1,1
2427.394534,0.33223333,273.3356631,136.0324876,0,52.48411934,14,1,0,0,2
5.052436997,0.787665469,62.85583006,19.88849858,1,2760.554218,16,0,0,1,0
4.178488216,0.744190913,17.33991216,16.93206197,1,528.53059,13,0,1,1,0
3520.652141,0.086217314,0.37118028,243.4263594,1,62.35115518,15,3,0,1,2
3.556395881,0.760393632,10.52031227,12.36416072,1,1661.941924,20,0,1,0,0
0,0.944237706,90.08051934,16.32883339,1,1177.071952,8,0,0,0,0
7.139799107,0.853709133,14.30617996,20.36139483,1,1001.054215,8,1,1,0,0
2.752345981,0.894796697,19.95524713,28.17898903,1,828.5992986,18,1,1,1,0
9.732376246,0.883067545,52.56749336,19.77553485,1,1634.529524,7,0,1,0,0
0,0.838514843,76.05113859,15.10750227,1,1217.290527,9,0,1,1,0
3.147123411,0.759697642,27.16306043,17.62102278,1,982.2632892,21,0,1,1,0
0,0.851636535,6.996004235,20.12605434,1,3475.576025,17,0,1,1,0
6.846338585,0.83020581,6.633919395,19.56965154,1,3645.27225,8,0,0,1,0
0,0.789869703,13.05803852,12.83664355,1,897.7723784,14,0,1,1,0
6486.658862,0.154862158,0.37118028,163.6258995,0,9.320820181,18,3,0,0,1
9.254575618,0.759077711,20.73402546,5.812467793,1,3155.936575,13,1,0,1,0
6.537251059,0.77486386,9.491377426,12.88512537,1,2233.906818,16,1,1,1,0
2116.114871,0.166031252,0.37118028,136.4351718,0,14.59971703,22,1,0,0,2
15.44160877,0.821286924,1.104974639,15.51084967,1,625.3349561,21,0,0,0,0
1.146864031,0.849343752,21.56518785,19.54077618,1,1816.489431,13,0,1,0,0
13.49602097,0.818791142,32.09334381,20.86127193,1,3185.977222,14,0,1,0,0
7989.585703,0.164417026,0.37118028,153.5834277,1,63.7358249,6,4,0,1,2
0,0.784011199,41.92896384,22.58473258,1,2017.793727,13,0,1,1,0
19.02794311,0.892697658,3.628807384,21.38679231,1,643.4568173,14,0,1,0,0
0,0.805887551,24.64123864,19.29175707,1,608.6688025,18,1,1,0,0
15.83051243,0.719609847,6.633788314,15.15977121,1,2563.171401,17,0,1,1,0
3746.383301,0.026018383,0.37118028,136.019364,0,70.63730553,18,4,0,0,2
7.342147325,0.731609477,8.200829141,26.4190843,1,2712.797109,14,0,1,1,0
0.250546888,0.749732362,27.1620042,10.78103208,1,2191.035625,7,0,1,1,0
5031.796327,0.170669592,0.37118028,160.036927,1,41.60536392,18,4,1,0,1
7248.197115,0.093358181,0.37118028,140.2668152,0,9.239269968,18,3,0,1,1
2694.595456,0.060061458,273.3356631,142.3990547,0,22.24437162,17,2,1,0,2
3679.24814,0.259399039,273.3356631,238.2412942,0,29.78859279,15,1,0,1,1
2395.570016,0.003321936,0.37118028,153.4542596,1,70.22528077,4,2,1,1,1
0,0.942121271,4.904853616,19.14870877,1,2668.748629,13,0,0,0,0
7995.013421,0.263759632,0.37118028,136.2258842,0,19.74745819,12,2,0,1,2
5950.511273,0.31572018,0.37118028,188.5025054,0,36.21256709,11,4,0,0,2
0,0.778086057,72.6013083,30.84968294,1,3568.161352,11,0,1,1,0
4362.34858,0.322273916,0.37118028,202.8144242,0,28.6526136,7,2,0,0,2
19.20504248,0.841684541,8.357654437,21.97710493,1,2379.264635,20,1,1,0,0
5552.837358,0.226069302,273.3356631,199.7189365,0,45.31648675,19,2,1,0,2
5.818741394,0.778047337,23.19211106,19.2435039,1,2324.152975,8,0,1,1,0
21.69021525,0.758387151,19.82322089,15.16706055,1,2968.896236,19,0,1,1,0
3.617356988,0.75555867,33.11374337,21.85030558,1,1175.266428,20,0,0,1,0
5.602302099,0.817457709,39.17201989,27.14428854,1,3538.380493,18,0,0,1,0
14.24027019,0.760142355,44.6222702,22.36519141,1,1467.476367,12,0,0,0,0
2117.067973,0.130876642,273.3356631,126.0323029,0,52.83098012,14,1,1,0,2
8.520553965,0.967042341,45.71570717,24.59457427,1,2068.249423,18,0,1,1,0
3075.72941,0.250975603,273.3356631,154.9507225,0,44.78269405,8,2,0,0,2
5772.242477,0.161724972,0.37118028,204.3240061,0,17.88297647,23,2,1,0,1
4791.101583,0.234946712,0.37118028,195.1760342,0,6.797214242,22,1,1,0,1
3208.247305,0.125696608,273.3356631,199.3930791,0,59.0893245,15,4,0,0,1
3133.577679,0.325627315,0.37118028,94.17745724,1,44.46209482,18,1,1,1,2
2313.897103,0.128305766,0.37118028,178.2816451,1,25.81654494,4,4,0,1,1
29.92999517,0.73056793,3.430233323,21.19277477,1,2098.862776,14,0,1,1,0
3143.232692,0.013269663,0.37118028,176.1999478,1,8.159444819,14,3,1,1,2
4.673052519,0.949412054,13.49023148,9.962715696,1,3537.555908,17,0,1,1,0
6133.612759,0.204401905,0.37118028,186.8381673,1,75.00968535,0,1,1,0,1
16.89470489,0.788967974,41.22026175,23.22793856,1,2950.215501,15,0,1,1,0
5593.466235,0.269356632,273.3356631,189.5748718,1,32.70609452,19,4,0,0,1
21.72572387,0.879713376,135.9009001,17.15275113,1,550.0548176,18,0,1,1,0
4216.31883,0.235802154,0.37118028,145.6918948,0,38.58931667,10,3,0,0,2
6931.907568,0.129217434,273.3356631,141.2866483,0,13.00386133,21,1,1,1,2
1445.77022,0.045421818,0.37118028,80,1,28.00960412,2,4,1,0,2
0,0.957645031,11.09769783,22.69217479,1,2067.347167,6,1,1,0,0
0,0.862907375,1.744487491,16.03738276,1,1623.348179,17,1,1,1,0
7291.171081,0.282855007,0.37118028,154.3602496,1,39.56965843,11,3,0,1,2
9.190190094,0.887094633,3.4866488,19.37989306,1,443.4595685,10,1,0,1,0
2292.399408,0.203600873,273.3356631,158.9707086,0,29.05166882,4,1,0,1,2
4955.784787,0.041033824,273.3356631,162.2645871,1,73.71152089,16,1,0,0,2
1.897332434,0.825328294,2.554749408,22.85253604,1,1333.094,6,0,1,0,0
2.690654698,0.87414028,26.01724808,16.1045363,1,2555.13859,21,0,0,1,0
4725.378055,0.132762514,0.37118028,183.6566846,1,25.83636467,1,4,0,0,2
3912.20238,0.399113755,0.37118028,187.6445541,0,2.196519915,17,4,0,0,1
21.96456368,0.977914782,12.06680505,20.1365669,1,3397.790009,13,0,1,1,0
26.57308213,0.948566679,26.73250656,20.776625,1,2531.205366,12,1,1,1,0
12.08108677,0.874877817,36.36227482,26.75557045,1,1539.431284,15,0,0,1,0
13.40643549,0.833662492,9.502135732,23.43176778,1,918.3272105,6,0,1,1,0
3.742130799,0.786521631,11.65201954,18.54120684,1,1049.041491,10,0,1,1,0
3.419921014,0.862422282,65.14346651,14.3937813,1,2021.505469,17,1,0,0,0
5.281811574,0.914215817,2.30098872,20.41416285,1,1370.995921,9,0,0,0,0
3968.707055,0.037331248,273.3356631,194.2788541,0,26.95763057,13,3,0,0,2
4057.7948,0.361200434,273.3356631,127.9548906,0,24.05086245,20,3,1,0,2
7.337859118,0.897026819,48.3138855,23.16227108,1,1970.067182,8,1,1,0,0
6636.59001,0.273097536,0.37118028,159.0890616,1,85.73319923,4,1,1,0,1
17.27668992,0.789187237,12.36964528,15.88961994,1,1437.95296,22,0,1,1,0
1735.026969,0.155219708,0.37118028,175.1273123,1,46.90052077,2,1,0,1,1
22.1170848,0.964507184,5.647928555,22.43887411,1,1762.29609,20,0,1,0,0
7860.328282,0.040012668,273.3356631,136.7085817,0,68.94093212,1,3,1,0,1
7133.724011,0.104790226,273.3356631,84.29002352,0,17.00648521,17,1,1,0,1
0,0.833175836,30.56467667,9.503218678,1,3369.515053,9,0,1,1,0
2365.188571,0.020085249,0.37118028,166.082633,0,22.40557177,16,2,0,0,2
5855.40748,0.317291871,0.37118028,151.8781676,1,19.19572667,21,3,0,1,2
3418.422572,0.250235833,0.37118028,86.30813374,1,35.21239485,1,2,1,1,1
940.9701241,0.30560505,0.37118028,101.8929386,0,27.508651,9,2,0,0,1
15.53152853,0.71629961,39.28740612,8.847659904,1,2895.888182,16,0,0,1,0
2.272764303,0.989925216,2.968891795,12.4405829,1,3598.4977,13,0,1,0,0
25.75260873,0.702711541,28.0550634,11.91643313,1,1278.94346,20,0,0,1,0
5126.63054,0.24058844,273.3356631,216.6999093,0,68.03804087,7,1,0,1,1
0.123937759,0.788512212,18.19495074,26.42047897,1,2000.761127,22,0,1,1,0
0,0.959064257,24.21585107,25.63954497,1,2922.424666,21,0,1,1,0
12.70865194,0.829295566,42.04493037,10.70331614,1,3505.394493,17,0,1,1,0
24.14031354,0.898914158,4.67965528,18.57452871,1,1670.101897,13,0,1,1,0
3.887739387,0.793872218,5.606212468,14.86298224,1,1414.851265,22,0,1,0,0
3605.514646,0.150727842,273.3356631,133.2428431,1,3.563321981,2,4,1,1,2
0,0.958792141,1.081590268,18.60246268,1,3302.116976,19,1,0,1,0
0,0.777282166,3.913792725,20.06414322,1,1123.767035,20,0,0,1,0
1.293856679,0.87402665,14.0029491,19.00902162,1,611.8446012,18,0,0,1,0
13.35692112,0.903600987,26.14145395,19.95355719,1,1055.757244,19,0,1,1,0
0,0.901810898,3.157726045,24.3438625,1,2272.917586,13,0,1,0,0
3317.365516,0.18921405,0.37118028,127.4629861,1,67.55110967,17,4,0,1,1
0,0.721694943,6.318779131,16.96263856,1,1293.562279,15,0,0,0,0
5401.16699,0.004573071,273.3356631,80,0,8.295221206,5,4,0,0,2
7495.114268,0.25149809,273.3356631,80,0,42.25614787,23,2,0,0,2
0,0.883234021,42.08751485,16.96176827,1,1655.476366,21,0,1,1,0
6477.407411,0.17987194,273.3356631,150.4697677,1,43.07091398,21,1,0,1,2
0,0.701568884,140.924483,15.85901864,1,749.5565966,13,1,1,0,0
10.22835488,0.918658433,10.89241787,18.42351672,1,2245.35938,20,0,1,1,0
1.739764678,0.918752046,2.974992494,22.85589703,1,2872.423786,21,0,0,1,0
6.69360824,0.911988961,57.0145698,18.04061617,1,2055.366117,22,0,1,1,0
0,0.822131947,4.270897076,21.4763997,1,1711.928139,10,0,1,1,0
22.95877673,0.794688203,45.03793281,14.02905299,1,519.596035,15,0,1,1,0
4218.800233,0.095304965,273.3356631,152.015385,0,35.56465211,0,2,0,0,2
6591.79654,0.055211044,273.3356631,198.0306616,0,58.49491589,19,2,1,0,1
2239.258413,0.03937502,273.3356631,91.53423675,1,27.0037355,6,1,1,0,2
10.07274031,0.793559157,2.042900633,23.81930176,1,441.9772584,19,0,1,1,0
2790.361115,0.24971616,273.3356631,191.997227,0,34.73871835,21,1,0,0,2
7.244518186,0.873136776,12.75610013,24.1139139,1,1009.629615,10,1,1,1,0
10.15035267,0.971931236,0.544348159,24.89444779,1,992.6391278,16,0,1,1,0
0,0.863994466,11.17178483,27.99269056,1,1776.995681,20,0,1,1,0
0,0.888867309,20.36693888,11.09420793,1,3622.688971,14,0,1,1,0
3.230527725,0.810335796,13.45140728,23.45236343,1,1236.461518,8,0,1,0,0
18.53872374,0.712607403,7.838908947,5.804606703,1,544.8372667,13,1,1,0,0
4.650115095,0.79644871,7.725926002,15.60358609,1,1820.386323,17,1,1,1,0
2137.021121,0.155665847,0.37118028,153.7342921,0,89.60388456,3,2,0,0,2
2.964196399,0.80395725,38.52567854,22.16108345,1,2633.695708,21,0,1,0,0
11.13517973,0.819350988,0.50775224,23.59208712,1,1758.447908,13,0,1,1,0
7467.100517,0.245973671,0.37118028,100.5563826,0,42.67214996,15,2,0,0,2
2.404086486,0.717294275,30.10561864,19.65938287,1,2348.493114,20,0,1,0,0
1279.053427,0.077851859,273.3356631,80,0,63.73042158,20,4,0,1,1
7.799686263,0.709286737,41.24816367,22.46493229,1,3415.147965,11,1,1,1,0
3387.809284,0.126195683,273.3356631,102.2780687,0,69.9012635,12,4,0,1,2
11.4272276,0.858897917,6.59593216,18.61227872,1,2644.34108,8,0,1,1,0
4294.874969,0.179582175,273.3356631,105.3091785,0,1.819304398,19,4,0,0,2
3.160166636,0.94854079,4.797480099,15.87693875,1,1168.987587,8,0,1,1,0
9.893745612,0.812598972,12.38858513,18.31723705,1,2339.144386,18,0,1,1,0
5.051134566,0.923720135,5.96649828,23.96587844,1,2311.341079,14,0,0,1,0
0.655037726,0.951801548,0.846913645,13.21532215,1,2311.58648,21,0,0,1,0
5590.349272,0.173513761,273.3356631,123.6173112,0,2.371931302,20,2,0,0,2
4308.381402,0.217417566,273.3356631,148.3562757,0,82.54810452,12,1,1,0,1
0,0.705401967,11.26274591,11.92056606,1,3159.155948,17,0,0,0,0
0,0.734151518,7.938026222,24.45651843,1,3463.398366,12,0,1,1,0
9.770408272,0.761404033,9.902813706,17.57940753,1,2349.156418,12,0,0,1,0
4.74445929,0.985137751,12.86029083,24.75653122,1,1283.490706,13,0,1,1,0
4.342497389,0.935556863,0.39304354,17.14679785,1,2094.864386,6,0,1,1,0
11.20672098,0.887435159,63.95923232,23.04452678,1,1714.914593,17,0,1,1,0
8.577873603,0.834921953,46.85021076,26.18826879,1,2794.46527,12,1,1,1,0
0,0.717565279,52.78507704,25.00912427,1,3141.90897,18,0,1,1,0
8.958035334,0.711678989,14.42411271,15.24968251,1,1056.072288,19,1,1,1,0
12.3846658,0.736450413,16.64094504,20.36598496,1,556.3112742,12,0,1,0,0
0.161141659,0.766622761,39.84800395,23.11703569,1,1185.927156,19,0,1,1,0
0,0.734228735,6.237729389,21.59762335,1,1179.063875,9,1,0,1,0
532.8048671,0.052628285,0.37118028,139.971441,0,5.25518467,19,3,0,0,2
2897.360207,0.189237815,0.37118028,128.5049947,0,73.38034482,5,2,1,1,2
26.89802933,0.895948837,12.53356229,19.60466329,1,1286.294888,13,0,1,0,0
7.809918677,0.786141387,25.82414347,18.6867024,1,1500.384817,12,1,0,1,0
16.79297184,0.703721211,6.893778564,14.9015234,1,552.5704727,21,0,1,1,0
7296.906776,0.305142191,0.37118028,154.3678713,0,51.0865363,15,4,0,0,2
9.919191715,0.959369083,19.306594,18.7009993,1,906.1409936,22,1,0,1,0
9.789798257,0.893746716,4.545000635,21.38290753,1,2160.630077,12,0,0,1,0
6268.900925,0.387124855,0.37118028,118.5383118,0,32.86959187,4,2,0,0,1
0,0.9841272,4.280867678,9.748212714,1,913.0355808,13,0,1,1,0
15.30283454,0.931336845,20.02479535,20.13102376,1,2382.544673,11,0,0,1,0
5973.29478,0.065051319,273.3356631,118.8664117,0,75.59527572,18,3,0,0,1
4.457051335,0.804183112,66.92227286,24.86550781,1,865.0696827,18,1,1,0,0
0,0.782221477,20.34517912,9.548485506,1,3125.854436,14,0,0,1,0
0,0.748138784,34.0556303,18.34954904,1,2540.89156,10,0,1,1,0
0,0.946359485,1.531227627,22.63268342,1,489.1221042,18,1,1,1,0
1489.473693,0.37768947,273.3356631,161.4241089,0,45.5131794,12,2,0,0,2
13.12525822,0.945335599,7.009315126,25.32585983,1,3547.556259,20,0,0,1,0
776.6996668,0.13188487,273.3356631,212.3651825,0,68.52197574,2,4,0,0,2
0,0.761706179,17.36325539,22.04026423,1,2001.551848,11,0,1,1,0
6.798941512,0.715500616,77.12795845,26.60207005,1,737.4766089,11,0,1,1,0
1.375590586,0.968228291,25.11122072,15.03566999,1,2196.140286,19,0,0,0,0
5.773683076,0.732407726,64.94708077,16.32399483,1,3176.714248,9,0,1,1,0
0,0.981491446,9.54825317,17.10437945,1,889.7769769,21,0,0,1,0
4.271710873,0.740606225,9.443357437,20.91250515,1,1745.519942,9,1,1,1,0
4.039401003,0.978768416,12.16736982,24.71394257,1,2730.067087,19,1,1,1,0
0,0.981046739,34.4821667,26.48031531,1,3389.684942,13,1,1,1,0
7.076876872,0.849008627,12.04368369,15.77837981,1,2827.849078,15,0,1,0,0
0,0.762122743,5.621846374,22.04818059,1,1104.805324,21,0,1,0,0
4.835771039,0.801203664,5.923532563,19.11041062,1,1206.920453,18,0,1,0,0
1.786141583,0.794305034,10.06875107,20.4334885,1,1321.580355,9,0,1,1,0
7276.694778,0.246754313,0.37118028,162.5501772,0,9.385791709,12,4,0,0,2
4.430543763,0.783627962,0.626578842,23.57936372,1,1026.596053,7,0,1,1,0
3606.504157,0.281140329,273.3356631,150.1462983,0,79.37183744,13,4,0,1,2
0,0.85990866,38.94545735,27.6401568,1,1196.765822,12,0,1,1,0
3740.185997,0.092470353,273.3356631,129.4038383,0,42.57849787,18,1,1,1,2
0,0.890309107,54.77155893,20.22781941,1,2618.589576,18,1,0,0,0
6.417169136,0.964898147,15.31599323,26.62638045,1,2563.931117,18,0,1,1,0
6383.311566,0.204105058,0.37118028,96.46658143,0,77.60484179,23,1,1,1,2
850.2336341,0.391768205,273.3356631,142.4926084,0,83.86154507,17,2,1,1,2
0,0.880577029,16.69684152,27.10252144,1,2398.813799,10,0,0,1,0
4499.004983,0.100839464,0.37118028,183.6378394,0,48.13111533,4,3,0,0,2
0,0.967561643,6.603277071,17.51213751,1,2881.826079,8,0,1,1,0
4770.745123,0.080389613,0.37118028,130.6254343,1,70.44019558,1,1,0,0,1
6.307405773,0.961173528,38.96621493,18.38985923,1,3206.508497,17,1,1,1,0
2.188997071,0.972369638,5.243080183,17.30347493,1,1688.150479,17,0,1,1,0
10.60784526,0.933013167,145.0595325,21.89883818,1,649.5459144,9,0,0,0,0
12.87084604,0.808670632,7.537014876,21.06046677,1,1247.347495,13,0,1,1,0
3317.79354,0.334684288,0.37118028,117.6878838,0,26.2623072,20,4,0,0,2
0,0.950243379,18.97604628,30.4896967,1,3381.566341,15,0,1,0,0
0,0.957502503,8.075107953,18.89243369,1,1402.849177,6,0,1,1,0
0,0.954090656,20.42568243,9.682984238,1,2494.015488,14,1,1,1,0
6943.866496,0.037372747,0.37118028,164.1565411,1,77.19558961,2,1,0,0,1
2533.833393,0.167142475,0.37118028,80,0,74.6163674,13,4,0,0,1
7135.117831,0.084850159,273.3356631,281.6193102,0,73.26286037,3,4,0,0,2
8.287624103,0.750196391,1.346653723,21.24774095,1,3635.163661,20,1,1,1,0
0.91924627,0.953681309,55.84827197,14.54895797,1,1116.183418,11,1,1,0,0
5884.008883,0.35572189,0.37118028,134.4801932,0,22.99855227,4,4,0,1,2
0,0.728619783,24.58408495,15.2948865,1,1693.846638,12,0,1,0,0
9.363236697,0.898730204,19.51146588,18.58390981,1,3553.644471,10,0,1,1,0
6891.60655,0.389410621,273.3356631,172.9602091,0,11.79611871,8,1,1,1,2
4064.206003,0.382625571,0.37118028,136.7037903,0,17.13800119,6,3,0,1,2
4475.663727,0.38969701,0.37118028,181.5709303,0,33.15060867,21,4,0,0,2
16.08182817,0.769124999,7.78660422,22.5943559,1,1747.645097,22,0,1,1,0
0,0.718795961,3.344515094,16.45105504,1,526.4524623,8,0,0,1,0
13.22544912,0.811650107,12.89926257,25.14728741,1,1631.539967,6,0,1,0,0
0,0.966597724,39.3141234,19.69462164,1,1882.034292,21,0,1,1,0
5.485216279,0.997845052,110.7867472,12.40544587,1,1878.013679,15,0,0,1,0
5803.404605,0.159182911,273.3356631,154.4599098,0,37.33574288,18,4,0,1,1
5015.763726,0.349622625,0.37118028,141.0659556,0,60.62489259,13,4,0,0,1
726.440115,0.388428983,0.37118028,133.4110614,0,28.10761529,23,3,0,0,1
9.599721429,0.982336244,32.8160212,14.84016858,1,1182.779479,22,0,0,1,0
14.68644991,0.75640742,1.847877554,25.34885727,1,3547.982345,15,1,0,0,0
0,0.822901316,47.03491945,15.75967201,1,2334.129331,22,0,0,1,0
6.467136864,0.705084299,4.606663935,15.60763099,1,2355.755438,18,0,1,1,0
17.01213922,0.895687495,18.98859829,21.21828612,1,813.4123947,20,0,1,1,0
0,0.755694011,8.996064991,13.6288394,1,2625.46651,17,0,0,1,0
0,0.850925185,6.09632057,14.70779683,1,1397.916038,20,1,1,1,0
3.852635585,0.912350529,30.13482249,21.21502361,1,2141.616905,18,1,1,1,0
0,0.814581892,31.6383809,17.84437215,1,1277.872349,8,0,0,1,0
5.210038416,0.851562032,15.19668437,15.82859095,1,1532.915384,9,0,1,0,0
12.56988617,0.809378118,13.54286276,27.175437,1,3435.890403,12,0,0,1,0
23.76170839,0.868132189,20.78087223,23.91794832,1,1443.317968,21,0,1,1,0
2.097254558,0.830206292,0.155648214,25.61187109,1,540.5326689,17,0,0,0,0
13.2206016,0.781921243,7.377320184,13.91358654,1,839.4738504,18,0,1,1,0
4.505362903,0.987039945,9.62166081,17.69415134,1,797.1920323,15,0,1,1,0
19.65648769,0.712585367,6.635065276,20.03589233,1,1033.533991,14,0,1,1,0
0,0.867312648,22.77127604,25.79690522,1,1624.735488,10,0,1,1,0
1731.808004,0.195125393,273.3356631,151.1250194,0,9.655625211,6,2,0,1,1
7597.316744,0.133630887,0.37118028,238.4956534,0,72.61577399,20,1,0,0,2
21.4201516,0.758572181,1.474469809,18.6719772,1,2956.998385,19,0,0,1,0
3647.542191,0.351103337,273.3356631,108.1902575,0,61.43714981,7,1,0,0,2
0,0.928311337,37.89591622,22.08840376,1,2037.43747,18,0,1,1,0
0,0.781328876,10.5404721,18.13365877,1,2309.088977,14,0,1,1,0
558.1973625,0.179156538,0.37118028,176.4018002,0,36.49645872,20,1,0,0,2
5332.971217,0.200197958,273.3356631,180.5800781,0,17.48487644,22,1,0,0,1
13.71124703,0.802950206,4.310684789,5,1,2225.370661,6,0,0,0,0
5311.777217,0.104323371,0.37118028,115.9923817,0,76.0447236,6,4,0,0,2
2.596746018,0.928539457,27.15504322,26.10141448,1,873.6582091,19,1,1,1,0
9.567532192,0.834302028,11.47204939,9.142142976,1,2117.931619,17,0,0,1,0
0,0.897086547,133.4802537,25.85858957,1,384.2656311,20,0,1,0,0
2521.712699,0.036234143,0.37118028,211.1896811,0,35.60276559,15,4,1,0,2
0,0.953094899,26.79094561,9.900363339,1,3471.869945,17,0,1,0,0
3.150978636,0.732779263,15.8805212,16.77213964,1,2878.375154,20,1,0,1,0
1836.748242,0.166428094,273.3356631,141.5607631,0,4.226456259,5,2,0,0,1
4109.571129,0.070069945,0.37118028,176.9105803,0,49.24114931,6,4,0,0,1
7.704568258,0.782419458,9.971347542,21.94187865,1,3420.067666,17,0,1,1,0
1.783649488,0.943263574,10.17250658,23.61413447,1,1591.765482,18,0,0,1,0
21.44967714,0.776317474,33.34506496,25.73015072,1,2427.844446,13,0,1,1,0
7564.287296,0.341966783,273.3356631,83.37751095,0,17.8519474,12,2,0,0,2
0,0.764722204,34.79321258,17.05333884,1,2539.346679,6,0,1,1,0
0,0.984306408,3.493372071,20.98958334,1,3469.727244,12,1,1,0,0
26.22156197,0.89529204,28.66729868,20.71524385,1,2465.34622,8,1,1,1,0
2.742236995,0.990546633,10.49702099,9.567611708,1,3233.991272,15,0,1,1,0
1.975303135,0.861499583,7.993828192,9.570510611,1,3602.446778,21,0,1,0,0
0,0.889392266,13.83771112,14.84022379,1,913.4313381,7,0,0,1,0
0,0.753776684,4.917766011,19.20847261,1,3386.776019,11,1,0,1,0
6.990596956,0.839179413,7.784721113,25.04735894,1,808.4043267,20,1,1,1,0
16.17295832,0.702352477,2.133428138,20.9812047,1,1247.02275,10,0,0,1,0
17.47742073,0.829830064,75.36179207,32.74504854,1,403.6968936,7,1,1,1,0
6.503937865,0.972158509,4.631231574,12.88158682,1,1128.071514,16,0,1,0,0
1.908278765,0.701145977,11.93839938,21.11576527,1,1613.051296,14,1,1,1,0
2750.228604,0.37470958,273.3356631,120.8417141,1,12.66029534,11,4,0,0,2
4982.217449,0.277742356,273.3356631,177.4787158,0,13.74457785,2,3,0,0,2
0,0.948474776,19.89016784,14.75172251,1,659.5075796,22,1,1,1,0
23.12448558,0.892142813,56.30267015,24.23441052,1,706.5065499,11,1,1,1,0
2.865571291,0.856434707,2.042278837,18.52772121,1,602.7564516,22,1,0,1,0
1021.099887,0.389576233,273.3356631,219.9241997,1,87.23225282,10,4,0,0,2
0,0.780946216,57.32288073,15.12316986,1,3142.503014,20,1,1,1,0
6173.582591,0.369257555,273.3356631,139.2305856,0,65.00630113,14,1,1,0,2
0,0.717427586,7.748570798,21.32808497,1,3334.485819,15,1,1,0,0
0,0.81795856,40.41816549,23.60951743,1,3473.853876,17,0,0,0,0
0,0.75815892,57.59223593,23.65500313,1,3312.625559,19,0,1,1,0
8.287511097,0.76121069,18.72874365,11.06812267,1,2882.463957,15,0,1,0,0
5021.816086,0.329211324,273.3356631,161.3119044,0,69.03152903,1,1,1,0,2
4.877532272,0.723821975,7.112083962,21.55554996,1,2693.736521,17,1,1,1,0
10.68983079,0.921365495,12.64988249,16.95996929,1,3193.494719,18,0,1,1,0
11.141667,0.846300121,30.94858733,26.75536446,1,2332.75128,10,1,1,1,0
0,0.844291867,17.51586961,30.2103802,1,397.7489361,22,0,1,1,0
5074.015512,0.075742491,273.3356631,245.3745336,1,7.930435723,23,4,0,0,1
3.273727001,0.896989322,11.3893613,18.84349529,1,695.5366252,20,0,1,1,0
7023.26426,0.218894971,273.3356631,88.52524211,0,39.58533615,11,1,0,0,2
4.192834199,0.929664025,67.34991024,19.75059923,1,406.9344261,9,0,0,1,0
8.213572155,0.934189515,21.9586677,14.08471908,1,439.1377958,15,0,1,1,0
5.818293585,0.727787645,21.94897157,25.48273559,1,2826.500942,21,1,1,0,0
7.029230209,0.740980271,3.230967406,15.97414124,1,758.4114897,12,1,1,1,0
1488.774634,0.35828767,0.37118028,125.800783,0,23.88320501,7,3,0,0,1
8.026354652,0.723536745,13.90945781,23.35972304,1,2357.974427,12,0,0,0,0
